Date,Price,Open,High,Low,Vol.,Change %,
4-Dec-13,"1,237.60","1,154.90","1,239.70","1,131.30",16.30K,7.16%,1236
3-Dec-13,"1,154.90","1,096.60","1,185.60","1,064.90",19.34K,5.32%,1235
2-Dec-13,"1,096.60","1,004.40","1,117.70",975,37.05K,9.18%,1234
1-Dec-13,"1,004.40","1,205.70","1,216.80",840.3,79.92K,-16.69%,1233
30-Nov-13,"1,205.70","1,206.90","1,232.90","1,150.20",15.10K,-0.11%,1232
29-Nov-13,"1,206.90","1,101.40","1,241.90","1,050.00",38.71K,9.58%,1231
28-Nov-13,"1,101.40","1,079.90","1,224.50","1,032.10",37.40K,1.99%,1230
27-Nov-13,"1,079.90",970,"1,094.80",914.3,37.86K,11.33%,1229
26-Nov-13,970,830,975,825.1,31.61K,16.86%,1228
25-Nov-13,830,795,850,759,26.38K,4.40%,1227
24-Nov-13,795,832.5,855,745.2,25.95K,-4.50%,1226
23-Nov-13,832.5,802,890,799.5,21.31K,3.80%,1225
22-Nov-13,802,764.9,822,682.3,30.15K,4.85%,1224
21-Nov-13,764.9,638,784.3,595.2,38.73K,19.90%,1223
20-Nov-13,638,645.7,650,453.3,91.59K,-1.20%,1222
19-Nov-13,645.7,785.4,900.9,502.6,99.10K,-17.79%,1221
18-Nov-13,785.4,528.3,787.9,522,72.07K,48.67%,1220
17-Nov-13,528.3,462,536.8,457,26.72K,14.36%,1219
16-Nov-13,462,433.9,476.9,428,19.14K,6.46%,1218
15-Nov-13,433.9,433.4,457.9,413,28.13K,0.12%,1217
14-Nov-13,433.4,434.9,447.5,402.5,31.41K,-0.33%,1216
13-Nov-13,434.9,380,445,372.2,36.02K,14.42%,1215
12-Nov-13,380,363,391.8,359,22.03K,4.70%,1214
11-Nov-13,363,336.3,376,321.4,18.00K,7.93%,1213
10-Nov-13,336.3,367.8,372.5,290,74.25K,-8.56%,1212
9-Nov-13,367.8,355,395,340,49.91K,3.60%,1211
8-Nov-13,355,309.6,358,308,44.63K,14.65%,1210
7-Nov-13,309.6,264.1,324.2,263.6,86.13K,17.25%,1209
6-Nov-13,264.1,251.3,272.5,251.4,38.82K,5.09%,1208
5-Nov-13,251.3,238.2,258.9,229,45.10K,5.52%,1207
4-Nov-13,238.2,224,239,221.9,18.06K,6.32%,1206
3-Nov-13,224,211.7,226.9,212.1,12.27K,5.82%,1205
2-Nov-13,211.7,213.4,214.9,211,4.88K,-0.82%,1204
1-Nov-13,213.4,211.2,214.9,209.7,5.88K,1.07%,1203
31-Oct-13,211.2,208,215,205.4,5.29K,1.52%,1202
30-Oct-13,208,216,216.5,204,13.47K,-3.70%,1201
29-Oct-13,216,206.9,216.5,204.2,10.02K,4.40%,1200
28-Oct-13,206.9,206.9,209.8,200.4,11.07K,0.00%,1199
27-Oct-13,206.9,188.6,207.8,188.9,13.16K,9.73%,1198
26-Oct-13,188.6,197.9,198.4,187,12.09K,-4.71%,1197
25-Oct-13,197.9,207,209,176.6,36.75K,-4.40%,1196
24-Oct-13,207,228,233.4,175.3,96.75K,-9.21%,1195
23-Oct-13,228,203,228,200.7,39.90K,12.31%,1194
22-Oct-13,203,192.8,205.5,192.8,33.87K,5.30%,1193
21-Oct-13,192.8,186.1,197.4,183.2,24.10K,3.59%,1192
20-Oct-13,186.1,183.1,186.1,177.2,11.42K,1.61%,1191
19-Oct-13,183.1,168.3,195.8,167.1,55.28K,8.84%,1190
18-Oct-13,168.3,157.6,168.3,156.5,25.89K,6.78%,1189
17-Oct-13,157.6,152.8,159.9,150.8,15.88K,3.12%,1188
16-Oct-13,152.8,158.1,163,144.2,42.78K,-3.33%,1187
15-Oct-13,158.1,151.4,158.1,150.6,15.73K,4.44%,1186
14-Oct-13,151.4,147.5,153.7,146,29.99K,2.60%,1185
13-Oct-13,147.5,142.9,147.6,141.5,16.17K,3.25%,1184
12-Oct-13,142.9,140.1,143.1,139.4,11.02K,1.99%,1183
11-Oct-13,140.1,140.4,141.9,138.9,7.25K,-0.22%,1182
10-Oct-13,140.4,139.5,141.7,138.5,11.08K,0.65%,1181
9-Oct-13,139.5,136.5,142.1,135.8,17.49K,2.21%,1180
8-Oct-13,136.5,135.8,137.8,135.6,5.23K,0.51%,1179
7-Oct-13,135.8,137.8,139,135.1,7.36K,-1.45%,1178
6-Oct-13,137.8,136.7,138,134.1,4.89K,0.80%,1177
5-Oct-13,136.7,136.8,138,135.3,5.00K,-0.09%,1176
4-Oct-13,136.8,131,139.8,128.5,18.51K,4.45%,1175
3-Oct-13,131,123,132,120.1,35.27K,6.50%,1174
2-Oct-13,123,140.3,141.9,109.7,111.32K,-12.33%,1173
1-Oct-13,140.3,141.9,144.4,139.4,9.57K,-1.13%,1172
30-Sep-13,141.9,143.9,145.8,138.1,14.63K,-1.38%,1171
29-Sep-13,143.9,142.5,145.8,141.4,18.10K,0.97%,1170
28-Sep-13,142.5,138.9,143,138,13.66K,2.57%,1169
27-Sep-13,138.9,137.1,142.7,134.8,27.14K,1.33%,1168
26-Sep-13,137.1,135,139,134.7,6.54K,1.56%,1167
25-Sep-13,135,134.8,138,134.7,9.52K,0.16%,1166
24-Sep-13,134.8,133.4,136.6,132.5,8.58K,1.03%,1165
23-Sep-13,133.4,134,135,132,6.00K,-0.45%,1164
22-Sep-13,134,134.4,135,131,5.89K,-0.28%,1163
21-Sep-13,134.4,133.8,136,132,5.09K,0.43%,1162
20-Sep-13,133.8,135.1,137.3,131,11.05K,-0.92%,1161
19-Sep-13,135.1,140.4,141.2,131.1,21.02K,-3.82%,1160
18-Sep-13,140.4,139.1,142,139,9.49K,0.91%,1159
17-Sep-13,139.1,139.4,141.4,138,9.64K,-0.19%,1158
16-Sep-13,139.4,138.3,142.2,137.9,10.61K,0.81%,1157
15-Sep-13,138.3,136.7,141,135,6.44K,1.16%,1156
14-Sep-13,136.7,140.7,142,136.5,8.90K,-2.81%,1155
13-Sep-13,140.7,139.4,145.6,137.8,20.12K,0.94%,1154
12-Sep-13,139.4,142.1,145.5,137.5,20.53K,-1.94%,1153
11-Sep-13,142.1,132.6,145.9,127.5,41.56K,7.15%,1152
10-Sep-13,132.6,133.1,136,131.4,8.88K,-0.36%,1151
9-Sep-13,133.1,126.3,137.5,124,29.69K,5.37%,1150
8-Sep-13,126.3,129,129.9,124.1,7.35K,-2.07%,1149
7-Sep-13,129,121.9,131,121.3,14.19K,5.82%,1148
6-Sep-13,121.9,130.2,134,121.9,19.17K,-6.37%,1147
5-Sep-13,130.2,132.5,138,127.2,27.03K,-1.74%,1146
4-Sep-13,132.5,144,145.8,130.1,28.75K,-7.98%,1145
3-Sep-13,144,144,148.9,142.2,17.00K,0.00%,1144
2-Sep-13,144,146,148.5,142.1,10.65K,-1.38%,1143
1-Sep-13,146,141,147.3,141,14.10K,3.55%,1142
31-Aug-13,141,138,148.7,135.9,31.15K,2.15%,1141
30-Aug-13,138,129.3,142.8,128.6,46.07K,6.75%,1140
29-Aug-13,129.3,128.8,131.2,128.2,8.22K,0.42%,1139
28-Aug-13,128.8,131.3,131.7,128,12.56K,-1.93%,1138
27-Aug-13,131.3,120.1,133,120,53.85K,9.34%,1137
26-Aug-13,120.1,122.1,123,119.9,11.44K,-1.67%,1136
25-Aug-13,122.1,119.6,123,119.1,7.44K,2.10%,1135
24-Aug-13,119.6,118.5,121.4,118,8.96K,0.92%,1134
23-Aug-13,118.5,122,122,118.4,19.47K,-2.86%,1133
22-Aug-13,122,123.3,124.5,120.5,13.96K,-1.05%,1132
21-Aug-13,123.3,121.2,125,119.7,30.64K,1.73%,1131
20-Aug-13,121.2,118.5,123,116.8,24.29K,2.28%,1130
19-Aug-13,118.5,113.4,123.8,111.8,53.07K,4.52%,1129
18-Aug-13,113.4,112.8,114.7,112,9.62K,0.56%,1128
17-Aug-13,112.8,109,114,108.2,12.78K,3.45%,1127
16-Aug-13,109,110,112.3,108.2,13.54K,-0.91%,1126
15-Aug-13,110,112.6,113.3,108.8,15.86K,-2.28%,1125
14-Aug-13,112.6,109.6,115,108,50.57K,2.70%,1124
13-Aug-13,109.6,106.8,109.6,104.5,18.75K,2.61%,1123
12-Aug-13,106.8,105,108.1,103.5,20.08K,1.72%,1122
11-Aug-13,105,103,105.2,102.7,8.17K,1.94%,1121
10-Aug-13,103,102.8,103.9,102.4,4.00K,0.19%,1120
9-Aug-13,102.8,103.1,105.8,101.9,12.04K,-0.24%,1119
8-Aug-13,103.1,106,106.7,101,24.02K,-2.77%,1118
7-Aug-13,106,106.6,107,105.2,7.72K,-0.53%,1117
6-Aug-13,106.6,106.7,107.5,105.1,13.41K,-0.15%,1116
5-Aug-13,106.7,105.1,107.8,105,15.44K,1.52%,1115
4-Aug-13,105.1,104.9,106,103.5,6.38K,0.16%,1114
3-Aug-13,104.9,104.5,105.9,102,8.90K,0.43%,1113
2-Aug-13,104.5,104,108,101.2,27.50K,0.48%,1112
1-Aug-13,104,106.2,108,103,15.02K,-2.08%,1111
31-Jul-13,106.2,108,111.7,103.6,45.50K,-1.62%,1110
30-Jul-13,108,101.5,108,100.5,27.85K,6.39%,1109
29-Jul-13,101.5,98.8,102.8,98.4,24.74K,2.73%,1108
28-Jul-13,98.8,94.4,100.6,94,42.23K,4.64%,1107
27-Jul-13,94.4,96,97,93,15.12K,-1.69%,1106
26-Jul-13,96,96.9,97.5,96,11.15K,-0.96%,1105
25-Jul-13,96.9,95.1,97.5,93.6,22.51K,1.96%,1104
24-Jul-13,95.1,95.6,96,92.3,14.60K,-0.49%,1103
23-Jul-13,95.6,91.6,97.1,91.6,24.61K,4.32%,1102
22-Jul-13,91.6,92,92,89.8,9.10K,-0.43%,1101
21-Jul-13,92,89.8,92,88,8.77K,2.43%,1100
20-Jul-13,89.8,92,93.1,89.3,9.43K,-2.37%,1099
19-Jul-13,92,90.1,95.2,87.6,27.68K,2.14%,1098
18-Jul-13,90.1,98.5,98.8,86.2,59.50K,-8.56%,1097
17-Jul-13,98.5,97.1,100,96.2,17.27K,1.44%,1096
16-Jul-13,97.1,98.9,100.7,96,16.53K,-1.81%,1095
15-Jul-13,98.9,94.4,101.9,93.1,34.51K,4.73%,1094
14-Jul-13,94.4,98.3,99,92.9,12.34K,-3.97%,1093
13-Jul-13,98.3,94,98.3,87.8,34.46K,4.61%,1092
12-Jul-13,94,89,104.2,88,101.55K,5.63%,1091
11-Jul-13,89,88,90.7,85,35.57K,1.11%,1090
10-Jul-13,88,76.7,89.8,75.5,60.07K,14.73%,1089
9-Jul-13,76.7,76,78.3,72.5,32.52K,0.92%,1088
8-Jul-13,76,76.5,80,72.5,58.99K,-0.65%,1087
7-Jul-13,76.5,69.7,77,66.6,42.95K,9.82%,1086
6-Jul-13,69.7,68.5,75,66.8,41.04K,1.69%,1085
5-Jul-13,68.5,80,80.6,65.4,91.06K,-14.42%,1084
4-Jul-13,80,78.9,84.3,72,63.55K,1.46%,1083
3-Jul-13,78.9,90.4,91.2,76,73.62K,-12.74%,1082
2-Jul-13,90.4,88.1,92.6,87.5,27.77K,2.68%,1081
1-Jul-13,88.1,97.5,98.2,86,53.17K,-9.70%,1080
30-Jun-13,97.5,95,98.1,93.8,8.58K,2.64%,1079
29-Jun-13,95,94.7,100.4,93,25.54K,0.36%,1078
28-Jun-13,94.7,101.7,101.8,92.3,47.77K,-6.96%,1077
27-Jun-13,101.7,104,104,100.1,14.73K,-2.17%,1076
26-Jun-13,104,103.3,105.5,101.8,13.23K,0.65%,1075
25-Jun-13,103.3,102.1,110,100,93.71K,1.21%,1074
24-Jun-13,102.1,107.9,108.3,100.8,28.90K,-5.38%,1073
23-Jun-13,107.9,108.2,109,106.2,11.05K,-0.28%,1072
22-Jun-13,108.2,109.5,110,107.5,7.28K,-1.19%,1071
21-Jun-13,109.5,111.3,115,107.6,38.08K,-1.61%,1070
20-Jun-13,111.3,108.3,114.5,107.1,43.09K,2.81%,1069
19-Jun-13,108.3,107.3,111,104.7,17.57K,0.84%,1068
18-Jun-13,107.3,101.9,113.3,101,60.61K,5.30%,1067
17-Jun-13,101.9,99.9,102.4,98.9,15.19K,2.05%,1066
16-Jun-13,99.9,99.8,101.8,98.9,8.66K,0.10%,1065
15-Jun-13,99.8,100,103.7,97.5,22.53K,-0.20%,1064
14-Jun-13,100,103.9,104.7,97.1,36.05K,-3.80%,1063
13-Jun-13,103.9,108.8,110.3,100.3,30.44K,-4.44%,1062
12-Jun-13,108.8,109,112.3,106,17.70K,-0.20%,1061
11-Jun-13,109,106.3,109.6,103.2,16.13K,2.49%,1060
10-Jun-13,106.3,100.4,110.6,95,64.32K,5.88%,1059
9-Jun-13,100.4,107.9,109,88,149.43K,-6.91%,1058
8-Jun-13,107.9,111,113.2,107,17.22K,-2.80%,1057
7-Jun-13,111,119,119.1,106.2,65.77K,-6.70%,1056
6-Jun-13,119,121.9,123.3,117,22.10K,-2.40%,1055
5-Jun-13,121.9,121.4,123.5,119.5,16.64K,0.41%,1054
4-Jun-13,121.4,120.7,124,118.8,21.95K,0.55%,1053
3-Jun-13,120.7,122.5,122.8,115.1,28.90K,-1.44%,1052
2-Jun-13,122.5,129.3,130.1,115,101.14K,-5.26%,1051
1-Jun-13,129.3,128.8,129.8,127.1,6.36K,0.37%,1050
31-May-13,128.8,128.8,130,126.3,16.58K,0.00%,1049
30-May-13,128.8,132.3,132.4,126.5,24.70K,-2.61%,1048
29-May-13,132.3,129,132.7,127.6,19.25K,2.52%,1047
28-May-13,129,129.8,130.6,125.4,22.80K,-0.59%,1046
27-May-13,129.8,133.5,135.5,124,46.83K,-2.79%,1045
26-May-13,133.5,132,136,130.6,23.36K,1.14%,1044
25-May-13,132,133.1,133.5,128.2,16.84K,-0.83%,1043
24-May-13,133.1,126.3,134,125.4,48.77K,5.38%,1042
23-May-13,126.3,123.8,126.9,123,22.12K,2.02%,1041
22-May-13,123.8,122.9,124.5,122,18.31K,0.74%,1040
21-May-13,122.9,122,123.1,121.1,13.39K,0.71%,1039
20-May-13,122,122.5,123.7,120.1,17.32K,-0.39%,1038
19-May-13,122.5,123.2,124.5,119.5,20.57K,-0.58%,1037
18-May-13,123.2,123.5,125.3,122.3,22.65K,-0.23%,1036
17-May-13,123.5,118.2,125.6,116.6,79.12K,4.48%,1035
16-May-13,118.2,114.2,119,112.1,45.23K,3.49%,1034
15-May-13,114.2,111.4,116.4,103,117.97K,2.53%,1033
14-May-13,111.4,118,119.8,109.4,87.78K,-5.58%,1032
13-May-13,118,114.8,118.9,114.5,26.18K,2.75%,1031
12-May-13,114.8,115.6,117.5,112.4,20.60K,-0.71%,1030
11-May-13,115.6,117.7,118.7,113,28.04K,-1.75%,1029
10-May-13,117.7,112.8,122.5,111.5,77.48K,4.34%,1028
9-May-13,112.8,113.2,113.7,108.8,26.95K,-0.35%,1027
8-May-13,113.2,109.6,116.8,109.5,61.72K,3.28%,1026
7-May-13,109.6,112.3,114,97.5,139.67K,-2.36%,1025
6-May-13,112.3,116,124.9,106,150.07K,-3.22%,1024
5-May-13,116,112.9,118.8,107,84.21K,2.73%,1023
4-May-13,112.9,98.1,116.3,92,132.62K,15.09%,1022
3-May-13,98.1,106.3,109,79,246.48K,-7.67%,1021
2-May-13,106.3,116.4,126.9,91.1,234.17K,-8.70%,1020
1-May-13,116.4,139.2,140.1,104,180.01K,-16.41%,1019
30-Apr-13,139.2,144,146.9,134,65.23K,-3.31%,1018
29-Apr-13,144,134.4,149.1,133,70.21K,7.11%,1017
28-Apr-13,134.4,128,136.7,127.5,27.52K,5.03%,1016
27-Apr-13,128,136.9,139.9,122.7,59.88K,-6.50%,1015
26-Apr-13,136.9,141.7,145,121.4,129.01K,-3.39%,1014
25-Apr-13,141.7,154.2,162,120.1,187.65K,-8.10%,1013
24-Apr-13,154.2,143.5,166.4,141,225.90K,7.47%,1012
23-Apr-13,143.5,127.4,144,125,116.15K,12.62%,1011
22-Apr-13,127.4,119.2,127.4,118.5,59.15K,6.88%,1010
21-Apr-13,119.2,126.6,130.5,110,99.13K,-5.86%,1009
20-Apr-13,126.6,118.5,132,115,74.36K,6.87%,1008
19-Apr-13,118.5,109,136.4,105.5,257.17K,8.69%,1007
18-Apr-13,109,93.1,113,86,172.98K,17.13%,1006
17-Apr-13,93.1,68.4,98.8,63.3,327.63K,36.15%,1005
16-Apr-13,68.4,82.4,84.5,50,572.35K,-17.03%,1004
15-Apr-13,82.4,90,102,71.5,236.67K,-8.46%,1003
14-Apr-13,90,93,110,84.4,166.28K,-3.23%,1002
13-Apr-13,93,117,130,85.5,238.35K,-20.51%,1001
12-Apr-13,117,124.9,140,54.3,556.47K,-6.33%,1000
11-Apr-13,124.9,165,188.7,110.2,118.75K,-24.30%,999
10-Apr-13,165,230,266,105,190.18K,-28.26%,998
9-Apr-13,230,187.5,240.1,186.5,105.84K,22.67%,997
8-Apr-13,187.5,162.3,194.9,162.6,114.25K,15.53%,996
7-Apr-13,162.3,142.6,164.9,142.6,60.96K,13.79%,995
6-Apr-13,142.6,142.3,143.9,139.5,18.29K,0.22%,994
5-Apr-13,142.3,132.1,144.9,130.2,68.59K,7.72%,993
4-Apr-13,132.1,135,142.1,116.4,88.36K,-2.13%,992
3-Apr-13,135,118,147,110,152.71K,14.43%,991
2-Apr-13,118,104,118.4,99,81.29K,13.44%,990
1-Apr-13,104,93,106,92.2,90.56K,11.79%,989
31-Mar-13,93,92.2,93.8,91,21.13K,0.91%,988
30-Mar-13,92.2,90.5,95,87,37.29K,1.87%,987
29-Mar-13,90.5,86.2,93.1,83,83.18K,5.01%,986
28-Mar-13,86.2,88.9,95.7,75,140.26K,-3.08%,985
27-Mar-13,88.9,78.5,89.5,78.4,72.23K,13.27%,984
26-Mar-13,78.5,73.6,79.7,73.1,56.67K,6.66%,983
25-Mar-13,73.6,71.5,78,69.5,79.74K,2.94%,982
24-Mar-13,71.5,64.3,72.5,62.7,42.02K,11.11%,981
23-Mar-13,64.3,69.9,70.5,52.3,150.46K,-7.90%,980
22-Mar-13,69.9,70.8,73.8,65,73.20K,-1.38%,979
21-Mar-13,70.8,64.5,74.9,63.1,94.31K,9.86%,978
20-Mar-13,64.5,59.1,66,57.7,93.14K,9.05%,977
19-Mar-13,59.1,51.6,62,50,111.70K,14.61%,976
18-Mar-13,51.6,47.4,52.9,47.1,65.31K,8.86%,975
17-Mar-13,47.4,47,47.7,46.8,13.94K,0.85%,974
16-Mar-13,47,47,47.4,46.3,16.32K,0.00%,973
15-Mar-13,47,47.2,47.5,46.4,20.29K,-0.47%,972
14-Mar-13,47.2,46.9,48,46,37.04K,0.53%,971
13-Mar-13,46.9,44.3,47.3,43.8,49.52K,5.94%,970
12-Mar-13,44.3,48.4,48.4,36.7,183.41K,-8.49%,969
11-Mar-13,48.4,46,48.5,45.5,41.39K,5.22%,968
10-Mar-13,46,46.8,48,45.5,36.36K,-1.81%,967
9-Mar-13,46.8,44.2,47,43.4,44.48K,6.04%,966
8-Mar-13,44.2,42,44.5,41,47.10K,5.19%,965
7-Mar-13,42,41,45.5,33.3,157.32K,2.39%,964
6-Mar-13,41,40.3,49.1,40.1,126.45K,1.71%,963
5-Mar-13,40.3,36.2,40.7,36.2,85.43K,11.56%,962
4-Mar-13,36.2,34.5,36.7,34.2,46.77K,4.78%,961
3-Mar-13,34.5,34.3,34.5,33.8,12.53K,0.73%,960
2-Mar-13,34.3,34.5,34.8,33.2,36.66K,-0.72%,959
1-Mar-13,34.5,33.4,34.9,32.9,39.79K,3.36%,958
28-Feb-13,33.4,30.9,34.5,30.9,126.52K,8.03%,957
27-Feb-13,30.9,31.1,31.6,30.8,30.47K,-0.64%,956
26-Feb-13,31.1,30.4,31.7,30.1,42.86K,2.30%,955
25-Feb-13,30.4,29.9,30.4,29.5,26.78K,1.71%,954
24-Feb-13,29.9,29.8,30.4,29.2,24.28K,0.30%,953
23-Feb-13,29.8,30.3,30.7,28,72.28K,-1.49%,952
22-Feb-13,30.3,29.8,31.3,29.7,66.95K,1.68%,951
21-Feb-13,29.8,29.6,30,29.3,34.73K,0.34%,950
20-Feb-13,29.6,29.4,29.9,29,37.21K,0.78%,949
19-Feb-13,29.4,27,29.6,26.8,99.70K,9.17%,948
18-Feb-13,27,26.8,27.1,26.4,29.74K,0.52%,947
17-Feb-13,26.8,27.2,27.4,25,77.04K,-1.51%,946
16-Feb-13,27.2,27.1,27.5,26.8,18.83K,0.44%,945
15-Feb-13,27.1,27.2,27.5,26.1,51.71K,-0.44%,944
14-Feb-13,27.2,24.2,27.6,21.7,145.74K,12.48%,943
13-Feb-13,24.2,25.2,26.3,24.2,90.15K,-3.85%,942
12-Feb-13,25.2,24.6,25.8,24.3,74.24K,2.11%,941
11-Feb-13,24.6,24,24.7,23.6,29.53K,2.84%,940
10-Feb-13,24,23.6,24.1,22.7,56.43K,1.35%,939
9-Feb-13,23.6,22.7,24,22.6,38.13K,4.37%,938
8-Feb-13,22.7,22.1,22.8,22,48.65K,2.30%,937
7-Feb-13,22.1,21.2,22.2,20.8,64.26K,4.58%,936
6-Feb-13,21.2,20.6,21.3,20.6,51.99K,2.82%,935
5-Feb-13,20.6,20.4,20.8,20.2,29.21K,0.83%,934
4-Feb-13,20.4,20.6,21,19.9,52.22K,-0.78%,933
3-Feb-13,20.6,19.6,20.9,19.4,34.24K,4.89%,932
2-Feb-13,19.6,20.5,20.5,18,80.50K,-4.24%,931
1-Feb-13,20.5,20.4,21.1,20.3,49.92K,0.44%,930
31-Jan-13,20.4,19.7,21.4,19.5,99.23K,3.60%,929
30-Jan-13,19.7,19.5,19.8,19.1,45.07K,0.87%,928
29-Jan-13,19.5,18.7,19.8,18.7,86.08K,4.33%,927
28-Jan-13,18.7,17.8,18.9,17.8,57.67K,5.05%,926
27-Jan-13,17.8,17.9,18,17.2,23.77K,-0.34%,925
26-Jan-13,17.9,17.4,17.9,16.5,34.81K,2.76%,924
25-Jan-13,17.4,16.9,17.8,15.4,80.77K,2.96%,923
24-Jan-13,16.9,17.5,19.2,15.6,172.01K,-3.43%,922
23-Jan-13,17.5,17.3,17.6,16.8,49.44K,1.39%,921
22-Jan-13,17.3,16.8,17.6,16.6,60.98K,2.74%,920
21-Jan-13,16.8,15.7,17,15.6,61.50K,7.01%,919
20-Jan-13,15.7,15.6,15.9,15.5,25.98K,0.51%,918
19-Jan-13,15.6,15.7,15.8,15.3,34.59K,-0.51%,917
18-Jan-13,15.7,15.5,16,15.4,56.10K,1.29%,916
17-Jan-13,15.5,14.7,15.7,14.6,65.49K,5.23%,915
16-Jan-13,14.7,14.3,14.7,14.2,45.53K,3.37%,914
15-Jan-13,14.3,14.3,14.5,14,51.57K,-0.35%,913
14-Jan-13,14.3,14.1,14.4,14.1,22.10K,1.27%,912
13-Jan-13,14.1,14.2,14.3,13.9,38.33K,-0.84%,911
12-Jan-13,14.2,14.1,14.3,14,26.93K,0.71%,910
11-Jan-13,14.1,14.1,14.4,13.9,40.44K,0.00%,909
10-Jan-13,14.1,13.8,14.3,13.8,51.81K,2.69%,908
9-Jan-13,13.8,13.7,13.9,13.6,28.61K,0.00%,907
8-Jan-13,13.7,13.6,13.9,13.5,42.80K,1.10%,906
7-Jan-13,13.6,13.4,13.6,13.4,25.48K,1.04%,905
6-Jan-13,13.4,13.4,13.5,13.4,12.74K,0.00%,904
5-Jan-13,13.4,13.5,13.6,13.3,21.33K,-0.44%,903
4-Jan-13,13.5,13.4,13.5,13.3,29.64K,0.75%,902
3-Jan-13,13.4,13.3,13.5,13.3,18.03K,0.90%,901
2-Jan-13,13.3,13.3,13.4,13.2,17.97K,0.00%,900
1-Jan-13,13.3,13.5,13.6,13.2,28.41K,-1.55%,899
31-Dec-12,13.5,13.4,13.6,13.4,15.05K,0.45%,898
30-Dec-12,13.4,13.4,13.6,13.4,11.76K,0.37%,897
29-Dec-12,13.4,13.4,13.7,13.3,26.15K,0.00%,896
28-Dec-12,13.4,13.4,13.6,13.3,23.81K,0.00%,895
27-Dec-12,13.4,13.5,13.5,13.3,19.82K,-0.37%,894
26-Dec-12,13.5,13.4,13.5,13.2,15.84K,0.90%,893
25-Dec-12,13.4,13.4,13.4,13.1,13.17K,0.00%,892
24-Dec-12,13.4,13.3,13.4,13.2,16.69K,0.53%,891
23-Dec-12,13.3,13.4,13.5,13,23.98K,-0.45%,890
22-Dec-12,13.4,13.5,13.6,13.3,14.78K,-0.96%,889
21-Dec-12,13.5,13.5,13.6,13.4,25.33K,0.00%,888
20-Dec-12,13.5,13.6,13.7,13.3,32.98K,-0.59%,887
19-Dec-12,13.6,13.3,13.6,13.2,38.81K,2.26%,886
18-Dec-12,13.3,13.3,13.4,13.1,23.22K,0.38%,885
17-Dec-12,13.3,13.3,13.5,12.8,63.63K,-0.38%,884
16-Dec-12,13.3,13.5,13.7,13.1,42.76K,-1.41%,883
15-Dec-12,13.5,13.6,13.6,13.4,15.19K,-0.81%,882
14-Dec-12,13.6,13.7,13.9,13,70.14K,-0.73%,881
13-Dec-12,13.7,13.7,13.8,13.5,24.20K,0.00%,880
12-Dec-12,13.7,13.6,13.8,13.3,37.68K,1.03%,879
11-Dec-12,13.6,13.4,13.7,13.3,28.05K,0.97%,878
10-Dec-12,13.4,13.4,13.6,13.3,24.67K,0.00%,877
9-Dec-12,13.4,13.4,13.5,13,28.17K,0.00%,876
8-Dec-12,13.4,13.5,13.6,13.4,13.17K,-0.59%,875
7-Dec-12,13.5,13.3,13.6,13,32.80K,1.50%,874
6-Dec-12,13.3,13.4,13.7,12.9,46.56K,-0.60%,873
5-Dec-12,13.4,13.4,13.4,13.1,29.80K,0.00%,872
4-Dec-12,13.4,12.7,13.5,12.6,63.25K,5.76%,871
3-Dec-12,12.7,12.5,12.7,12.5,26.76K,1.44%,870
2-Dec-12,12.5,12.6,12.7,12.4,14.01K,-0.48%,869
1-Dec-12,12.6,12.6,12.7,12.5,14.70K,0.00%,868
30-Nov-12,12.6,12.4,12.6,12.4,24.35K,0.96%,867
29-Nov-12,12.4,12.4,12.6,12.1,26.51K,0.81%,866
28-Nov-12,12.4,12.2,12.4,12.1,30.69K,1.23%,865
27-Nov-12,12.2,12.3,12.3,11.9,33.20K,-0.41%,864
26-Nov-12,12.3,12.5,12.6,11.9,35.91K,-1.84%,863
25-Nov-12,12.5,12.4,12.6,12.3,24.02K,0.56%,862
24-Nov-12,12.4,12.4,12.5,12.3,19.57K,0.49%,861
23-Nov-12,12.4,12.4,12.4,12.1,18.97K,-0.56%,860
22-Nov-12,12.4,11.8,12.4,11.7,58.30K,5.52%,859
21-Nov-12,11.8,11.7,11.8,11.6,19.23K,0.00%,858
20-Nov-12,11.7,11.8,11.8,11.6,27.22K,-0.59%,857
19-Nov-12,11.8,11.6,11.8,11.6,25.20K,1.29%,856
18-Nov-12,11.6,11.8,11.8,11.6,15.51K,-1.19%,855
17-Nov-12,11.8,11.8,11.8,11.5,19.11K,0.00%,854
16-Nov-12,11.8,11.2,11.8,11.2,58.25K,4.91%,853
15-Nov-12,11.2,10.9,11.3,10.9,31.90K,2.28%,852
14-Nov-12,10.9,10.9,11.1,10.8,24.54K,0.00%,851
13-Nov-12,10.9,11,11.1,10.9,16.76K,-0.54%,850
12-Nov-12,11,10.9,11.2,10.8,39.22K,1.29%,849
11-Nov-12,10.9,10.9,10.9,10.7,12.63K,0.00%,848
10-Nov-12,10.9,10.8,11,10.8,13.49K,0.65%,847
9-Nov-12,10.8,10.9,11,10.8,14.73K,-1.01%,846
8-Nov-12,10.9,10.9,11.1,10.8,26.06K,0.00%,845
7-Nov-12,10.9,10.9,11.2,10.8,31.73K,0.00%,844
6-Nov-12,10.9,10.8,10.9,10.7,27.00K,1.40%,843
5-Nov-12,10.8,10.8,10.9,10.6,21.78K,-0.46%,842
4-Nov-12,10.8,10.6,10.9,10.5,16.75K,1.50%,841
3-Nov-12,10.6,10.5,10.6,10.4,16.73K,1.62%,840
2-Nov-12,10.5,10.6,10.8,10.3,24.49K,-0.95%,839
1-Nov-12,10.6,11.2,11.3,10.4,50.36K,-5.63%,838
31-Oct-12,11.2,10.9,11.2,10.7,40.67K,2.85%,837
30-Oct-12,10.9,10.6,10.9,10.6,26.02K,2.74%,836
29-Oct-12,10.6,10.7,10.9,10.3,37.58K,-0.93%,835
28-Oct-12,10.7,10.3,10.9,10.3,22.39K,4.29%,834
27-Oct-12,10.3,10.2,10.8,9.8,47.87K,0.88%,833
26-Oct-12,10.2,10.9,10.9,9.7,99.00K,-6.35%,832
25-Oct-12,10.9,11.6,11.7,10.5,84.71K,-6.78%,831
24-Oct-12,11.6,11.6,11.8,11.6,21.77K,0.00%,830
23-Oct-12,11.6,11.7,12,11.4,54.34K,-0.51%,829
22-Oct-12,11.7,11.6,11.8,11.5,37.62K,0.69%,828
21-Oct-12,11.6,11.7,11.8,11.6,9.38K,-0.94%,827
20-Oct-12,11.7,11.7,11.9,11.6,22.11K,0.00%,826
19-Oct-12,11.7,11.9,12,11.6,23.18K,-1.68%,825
18-Oct-12,11.9,11.8,12,11.8,21.88K,1.10%,824
17-Oct-12,11.8,11.9,12,11.7,23.55K,0.00%,823
16-Oct-12,11.9,11.8,12,11.5,41.19K,0.00%,822
15-Oct-12,11.8,11.7,12,11.4,27.10K,0.85%,821
14-Oct-12,11.7,11.9,12,11.5,22.89K,-1.01%,820
13-Oct-12,11.9,12,12.1,11.9,11.86K,-1.17%,819
12-Oct-12,12,12,12.1,11.9,21.54K,0.00%,818
11-Oct-12,12,12.1,12.1,11.9,19.83K,-0.74%,817
10-Oct-12,12.1,11.9,12.2,11.8,27.72K,1.85%,816
9-Oct-12,11.9,11.8,12.4,11.6,46.77K,1.02%,815
8-Oct-12,11.8,11.8,11.9,10.6,97.94K,0.00%,814
7-Oct-12,11.8,12.5,12.6,11.7,63.51K,-5.68%,813
6-Oct-12,12.5,12.7,12.9,12.4,24.67K,-1.42%,812
5-Oct-12,12.7,12.9,13,12.5,31.26K,-1.25%,811
4-Oct-12,12.9,12.9,13.1,12.6,37.95K,0.00%,810
3-Oct-12,12.9,12.8,13,12.7,32.96K,0.39%,809
2-Oct-12,12.8,12.4,12.9,12.3,50.83K,3.55%,808
1-Oct-12,12.4,12.4,12.5,12.3,24.83K,0.00%,807
30-Sep-12,12.4,12.4,12.4,12.3,7.79K,0.00%,806
29-Sep-12,12.4,12.4,12.5,12.2,17.06K,0.00%,805
28-Sep-12,12.4,12.3,12.4,12.1,26.68K,0.65%,804
27-Sep-12,12.3,12.3,12.4,12.2,19.33K,0.00%,803
26-Sep-12,12.3,12.2,12.5,12,23.50K,0.57%,802
25-Sep-12,12.2,12.1,12.2,12,21.23K,0.83%,801
24-Sep-12,12.1,12.2,12.3,11.9,27.29K,-0.74%,800
23-Sep-12,12.2,12.2,12.3,11.6,39.92K,-0.41%,799
22-Sep-12,12.2,12.4,12.4,12.1,14.99K,-1.05%,798
21-Sep-12,12.4,12.3,12.5,12,35.84K,0.73%,797
20-Sep-12,12.3,12.6,12.7,12.3,32.57K,-2.31%,796
19-Sep-12,12.6,12.3,12.7,12.1,41.88K,2.61%,795
18-Sep-12,12.3,11.9,12.4,11.8,40.95K,3.03%,794
17-Sep-12,11.9,11.9,12,11.8,26.61K,0.00%,793
16-Sep-12,11.9,11.8,12,11.7,30.30K,1.02%,792
15-Sep-12,11.8,11.7,11.8,11.6,16.27K,0.69%,791
14-Sep-12,11.7,11.4,11.8,11.3,43.26K,2.37%,790
13-Sep-12,11.4,11.4,11.4,11.2,20.57K,0.00%,789
12-Sep-12,11.4,11.3,11.4,10.8,58.63K,0.00%,788
11-Sep-12,11.3,11.2,11.4,10.9,64.95K,1.43%,787
10-Sep-12,11.2,11,11.2,10.9,42.29K,1.36%,786
9-Sep-12,11,11,11.1,10.9,14.03K,0.00%,785
8-Sep-12,11,11,11.1,10.8,24.25K,0.00%,784
7-Sep-12,11,11.2,11.2,10.9,35.54K,-1.61%,783
6-Sep-12,11.2,11,11.3,10.6,67.05K,1.64%,782
5-Sep-12,11,10.4,11.2,10.3,60.77K,5.97%,781
4-Sep-12,10.4,10.5,10.5,10.1,34.88K,-1.42%,780
3-Sep-12,10.5,10.2,10.6,10.1,22.93K,3.24%,779
2-Sep-12,10.2,10,10.4,9.7,25.06K,2.31%,778
1-Sep-12,10,10.2,10.3,9.8,23.38K,-1.87%,777
31-Aug-12,10.2,10.8,10.8,9.7,67.79K,-5.75%,776
30-Aug-12,10.8,10.9,10.9,10.6,30.87K,-1.28%,775
29-Aug-12,10.9,10.9,11.1,10.6,53.65K,0.00%,774
28-Aug-12,10.9,10.9,11.2,10.5,54.88K,0.00%,773
27-Aug-12,10.9,10.6,12.1,10.5,175.12K,3.20%,772
26-Aug-12,10.6,10.5,10.6,10.4,26.33K,0.86%,771
25-Aug-12,10.5,10.6,10.6,10.2,40.23K,-0.75%,770
24-Aug-12,10.6,10.1,10.6,9.9,92.08K,4.95%,769
23-Aug-12,10.1,9.8,10.3,9.7,56.02K,2.96%,768
22-Aug-12,9.8,9.9,10.1,9.6,67.51K,-1.11%,767
21-Aug-12,9.9,10.1,10.3,9.7,72.08K,-1.78%,766
20-Aug-12,10.1,8,10.5,7.8,192.50K,26.25%,765
19-Aug-12,8,11.6,11.6,7.6,238.86K,-31.09%,764
18-Aug-12,11.6,11.6,12.9,11,88.05K,0.00%,763
17-Aug-12,11.6,13.5,15.4,10.6,221.03K,-14.22%,762
16-Aug-12,13.5,13.3,13.8,12.5,96.60K,1.89%,761
15-Aug-12,13.3,12.2,13.3,12.2,57.56K,8.70%,760
14-Aug-12,12.2,12,12.3,11.9,44.02K,1.25%,759
13-Aug-12,12,11.6,12.1,11.5,54.04K,3.61%,758
12-Aug-12,11.6,11.5,11.8,11.4,30.34K,0.96%,757
11-Aug-12,11.5,11.4,11.6,11.4,21.79K,1.05%,756
10-Aug-12,11.4,11.1,11.6,11,63.60K,2.98%,755
9-Aug-12,11.1,11.1,12,10.8,101.88K,0.00%,754
8-Aug-12,11.1,11.1,11.1,10.9,31.32K,0.00%,753
7-Aug-12,11.1,10.9,11.1,10.6,41.65K,2.21%,752
6-Aug-12,10.9,10.9,11.2,10.6,51.64K,0.00%,751
5-Aug-12,10.9,11,11.3,10.1,67.28K,-1.00%,750
4-Aug-12,11,11,11.3,10.5,52.32K,0.00%,749
3-Aug-12,11,10.5,11.1,10.3,61.64K,4.18%,748
2-Aug-12,10.5,9.6,11,9.4,126.69K,10.26%,747
1-Aug-12,9.6,9.4,9.6,9.1,68.70K,2.14%,746
31-Jul-12,9.4,9.1,9.4,9.1,70.17K,2.75%,745
30-Jul-12,9.1,8.7,9.1,8.7,51.26K,4.48%,744
29-Jul-12,8.7,8.9,8.9,8.7,11.46K,-2.02%,743
28-Jul-12,8.9,8.9,8.9,8.7,16.17K,0.00%,742
27-Jul-12,8.9,8.9,8.9,8.8,26.67K,0.00%,741
26-Jul-12,8.9,8.8,8.9,8.6,32.38K,1.14%,740
25-Jul-12,8.8,8.6,8.9,8.4,64.72K,2.33%,739
24-Jul-12,8.6,8.4,8.9,8.3,40.95K,1.78%,738
23-Jul-12,8.4,8.4,9.2,7.8,146.40K,0.00%,737
22-Jul-12,8.4,8.9,9,8.3,30.07K,-4.97%,736
21-Jul-12,8.9,8.5,9.7,8,139.91K,3.87%,735
20-Jul-12,8.5,8.9,8.9,7.6,154.66K,-3.95%,734
19-Jul-12,8.9,9.1,9.2,8.8,48.25K,-2.63%,733
18-Jul-12,9.1,8.8,9.4,8.5,105.95K,3.52%,732
17-Jul-12,8.8,8.5,9.5,7.3,210.80K,3.53%,731
16-Jul-12,8.5,7.6,8.6,7.6,103.40K,11.55%,730
15-Jul-12,7.6,7.5,7.7,7.4,26.98K,1.06%,729
14-Jul-12,7.5,7.7,7.7,7.5,16.01K,-1.69%,728
13-Jul-12,7.7,7.8,7.8,7.4,65.47K,-1.16%,727
12-Jul-12,7.8,7.2,7.9,7.1,64.62K,8.53%,726
11-Jul-12,7.2,7.2,7.3,7,41.89K,0.00%,725
10-Jul-12,7.2,7,7.3,7,70.07K,2.56%,724
9-Jul-12,7,6.8,7.1,6.7,61.64K,3.24%,723
8-Jul-12,6.8,6.8,6.9,6.7,18.22K,0.00%,722
7-Jul-12,6.8,6.7,6.9,6.6,37.99K,1.65%,721
6-Jul-12,6.7,6.7,6.7,6.6,43.19K,0.00%,720
5-Jul-12,6.7,6.5,6.8,6.5,45.35K,2.46%,719
4-Jul-12,6.5,6.4,6.6,6.4,33.48K,0.93%,718
3-Jul-12,6.4,6.8,6.8,6.4,71.07K,-4.59%,717
2-Jul-12,6.8,6.6,6.8,6.6,32.36K,1.96%,716
1-Jul-12,6.6,6.7,6.7,6.5,20.58K,-0.90%,715
30-Jun-12,6.7,6.7,6.7,6.6,20.59K,0.00%,714
29-Jun-12,6.7,6.6,6.7,6.5,26.30K,0.00%,713
28-Jun-12,6.6,6.7,6.7,6.5,42.82K,0.00%,712
27-Jun-12,6.7,6.4,6.7,6.4,41.98K,3.58%,711
26-Jun-12,6.4,6.3,6.5,6.3,48.74K,1.90%,710
25-Jun-12,6.3,6.3,6.4,6.2,62.64K,0.00%,709
24-Jun-12,6.3,6.4,6.5,6.3,33.95K,-1.24%,708
23-Jun-12,6.4,6.6,6.7,6.4,20.12K,-1.83%,707
22-Jun-12,6.6,6.7,6.8,6.4,56.82K,-1.95%,706
21-Jun-12,6.7,6.7,6.8,6.6,51.94K,0.00%,705
20-Jun-12,6.7,6.5,6.7,6.4,64.07K,2.62%,704
19-Jun-12,6.5,6.3,6.5,6.3,43.88K,3.01%,703
18-Jun-12,6.3,6.2,6.4,6,46.83K,2.44%,702
17-Jun-12,6.2,6.4,6.5,6.1,48.80K,-3.75%,701
16-Jun-12,6.4,6.5,6.6,6.3,78.20K,-1.54%,700
15-Jun-12,6.5,5.9,6.6,5.9,65.64K,9.24%,699
14-Jun-12,5.9,5.9,6,5.8,35.04K,0.00%,698
13-Jun-12,5.9,5.7,6,5.7,57.24K,4.04%,697
12-Jun-12,5.7,5.6,5.8,5.5,78.98K,2.33%,696
11-Jun-12,5.6,5.5,5.6,5.4,40.26K,1.83%,695
10-Jun-12,5.5,5.6,5.6,5.4,24.40K,-1.62%,694
9-Jun-12,5.6,5.6,5.7,5.5,37.12K,-1.24%,693
8-Jun-12,5.6,5.6,5.7,5.6,53.84K,0.00%,692
7-Jun-12,5.6,5.5,5.6,5.4,48.07K,2.38%,691
6-Jun-12,5.5,5.4,5.5,5.4,40.68K,0.00%,690
5-Jun-12,5.4,5.3,5.5,5.2,83.93K,3.23%,689
4-Jun-12,5.3,5.2,5.3,5.2,51.24K,1.15%,688
3-Jun-12,5.2,5.3,5.3,5.2,12.68K,0.00%,687
2-Jun-12,5.3,5.3,5.3,5.2,15.17K,0.00%,686
1-Jun-12,5.3,5.2,5.3,5.2,44.69K,1.74%,685
31-May-12,5.2,5.1,5.2,5.1,39.48K,0.00%,684
30-May-12,5.1,5.2,5.2,5.1,39.94K,0.00%,683
29-May-12,5.2,5.1,5.2,5,61.27K,0.00%,682
28-May-12,5.1,5.1,5.2,5.1,27.56K,0.00%,681
27-May-12,5.1,5.1,5.2,5.1,15.75K,0.00%,680
26-May-12,5.1,5.2,5.2,5.1,16.59K,-0.97%,679
25-May-12,5.2,5.1,5.2,5.1,23.08K,0.00%,678
24-May-12,5.1,5.1,5.2,5.1,28.92K,0.00%,677
23-May-12,5.1,5.1,5.2,5.1,52.96K,0.00%,676
22-May-12,5.1,5.1,5.1,5.1,46.68K,0.00%,675
21-May-12,5.1,5.1,5.1,5.1,33.62K,0.00%,674
20-May-12,5.1,5.1,5.2,5.1,18.69K,0.00%,673
19-May-12,5.1,5.1,5.1,5.1,23.16K,0.00%,672
18-May-12,5.1,5.1,5.1,5.1,52.58K,0.00%,671
17-May-12,5.1,5.1,5.1,5.1,26.62K,0.00%,670
16-May-12,5.1,5,5.1,5,69.37K,0.99%,669
15-May-12,5,5,5,4.9,44.14K,0.00%,668
14-May-12,5,4.9,5,4.9,52.85K,1.62%,667
13-May-12,4.9,4.9,5,4.9,14.05K,0.00%,666
12-May-12,4.9,5,5,4.9,20.88K,0.00%,665
11-May-12,5,4.8,5,4.8,63.13K,2.27%,664
10-May-12,4.8,5,5.1,4.8,69.98K,-3.77%,663
9-May-12,5,5.1,5.1,5,38.92K,0.00%,662
8-May-12,5.1,5.1,5.1,5,68.20K,0.00%,661
7-May-12,5.1,5.1,5.1,5,46.18K,0.00%,660
6-May-12,5.1,5.1,5.1,5,19.30K,0.00%,659
5-May-12,5.1,5.1,5.1,5,18.84K,0.00%,658
4-May-12,5.1,5.1,5.2,5.1,43.63K,-1.17%,657
3-May-12,5.1,5.1,5.2,5,35.42K,1.18%,656
2-May-12,5.1,5,5.2,5,95.96K,1.40%,655
1-May-12,5,4.9,5,4.9,36.68K,1.01%,654
30-Apr-12,4.9,4.9,5,4.9,55.77K,0.00%,653
29-Apr-12,4.9,5,5,4.9,22.23K,-1.61%,652
28-Apr-12,5,5.1,5.1,4.8,91.59K,-2.54%,651
27-Apr-12,5.1,5.1,5.1,5,25.87K,0.00%,650
26-Apr-12,5.1,5.1,5.2,5,57.36K,0.00%,649
25-Apr-12,5.1,5.1,5.2,5,35.64K,0.00%,648
24-Apr-12,5.1,5,5.2,4.9,70.99K,2.82%,647
23-Apr-12,5,5.2,5.2,5,49.37K,-4.62%,646
22-Apr-12,5.2,5.3,5.3,5.1,37.11K,-1.14%,645
21-Apr-12,5.3,5.3,5.5,5.1,60.92K,-1.68%,644
20-Apr-12,5.3,5.1,5.5,5.1,104.07K,4.09%,643
19-Apr-12,5.1,5.1,5.2,5.1,46.68K,0.00%,642
18-Apr-12,5.1,5,5.2,5,79.13K,2.81%,641
17-Apr-12,5,4.9,5,4.9,30.65K,1.01%,640
16-Apr-12,4.9,5,5,4.9,31.16K,0.00%,639
15-Apr-12,5,5,5,4.9,33.34K,0.00%,638
14-Apr-12,5,4.9,5,4.9,63.89K,0.00%,637
13-Apr-12,4.9,4.9,4.9,4.7,93.11K,0.00%,636
12-Apr-12,4.9,4.9,4.9,4.8,46.37K,0.00%,635
11-Apr-12,4.9,4.8,5,4.8,67.04K,1.86%,634
10-Apr-12,4.8,4.9,4.9,4.8,53.10K,0.00%,633
9-Apr-12,4.9,4.8,4.9,4.7,39.24K,1.67%,632
8-Apr-12,4.8,4.7,4.8,4.6,41.97K,2.13%,631
7-Apr-12,4.7,4.9,4.9,4.7,80.95K,-5.25%,630
6-Apr-12,4.9,4.9,5,4.9,58.21K,0.00%,629
5-Apr-12,4.9,4.9,4.9,4.9,33.81K,0.00%,628
4-Apr-12,4.9,4.9,5,4.9,51.04K,0.00%,627
3-Apr-12,4.9,5,5,4.8,78.48K,0.00%,626
2-Apr-12,5,4.8,5.1,4.8,80.66K,2.90%,625
1-Apr-12,4.8,4.9,4.9,4.7,35.95K,-1.63%,624
31-Mar-12,4.9,4.9,4.9,4.8,35.53K,0.00%,623
30-Mar-12,4.9,4.8,4.9,4.7,39.07K,1.04%,622
29-Mar-12,4.8,4.8,4.9,4.7,37.98K,0.00%,621
28-Mar-12,4.8,4.8,4.8,4.7,38.02K,0.00%,620
27-Mar-12,4.8,4.6,4.8,4.5,73.43K,4.11%,619
26-Mar-12,4.6,4.6,4.7,4.5,69.84K,1.54%,618
25-Mar-12,4.6,4.7,4.7,4.3,71.56K,-2.78%,617
24-Mar-12,4.7,4.7,4.7,4.6,39.07K,0.00%,616
23-Mar-12,4.7,4.7,4.8,4.6,54.13K,0.00%,615
22-Mar-12,4.7,4.8,4.9,4.6,58.07K,-2.29%,614
21-Mar-12,4.8,4.8,4.9,4.8,46.44K,0.00%,613
20-Mar-12,4.8,4.7,4.9,4.6,66.34K,3.20%,612
19-Mar-12,4.7,5.3,5.3,4.5,188.89K,-11.17%,611
18-Mar-12,5.3,5.2,5.3,5.2,22.86K,1.15%,610
17-Mar-12,5.2,5.3,5.4,5.2,39.10K,-2.25%,609
16-Mar-12,5.3,5.3,5.4,5.3,32.72K,0.00%,608
15-Mar-12,5.3,5.4,5.4,5.3,41.08K,-0.93%,607
14-Mar-12,5.4,5.3,5.4,5.3,62.89K,2.09%,606
13-Mar-12,5.3,4.9,5.4,4.9,127.33K,7.77%,605
12-Mar-12,4.9,4.9,4.9,4.9,22.05K,0.00%,604
11-Mar-12,4.9,4.8,5,4.8,42.44K,1.66%,603
10-Mar-12,4.8,4.9,4.9,4.8,28.07K,0.00%,602
9-Mar-12,4.9,4.9,4.9,4.8,32.72K,-1.42%,601
8-Mar-12,4.9,4.9,5,4.8,58.09K,0.00%,600
7-Mar-12,4.9,5,5.1,4.8,46.17K,0.00%,599
6-Mar-12,5,5,5.1,4.9,44.53K,0.00%,598
5-Mar-12,5,4.8,5.1,4.8,65.83K,3.32%,597
4-Mar-12,4.8,4.6,4.9,4.6,58.83K,4.56%,596
3-Mar-12,4.6,4.7,4.8,4.5,40.08K,-1.91%,595
2-Mar-12,4.7,4.9,4.9,4.5,130.77K,-4.47%,594
1-Mar-12,4.9,4.9,5,4.9,44.18K,1.23%,593
29-Feb-12,4.9,4.9,4.9,4.8,26.54K,0.00%,592
28-Feb-12,4.9,5,5,4.7,62.69K,-1.81%,591
27-Feb-12,5,4.9,5,4.9,29.37K,0.00%,590
26-Feb-12,4.9,4.8,5.1,4.8,70.04K,3.14%,589
25-Feb-12,4.8,5,5.1,4.7,86.16K,-5.17%,588
24-Feb-12,5,5,5.1,4.8,89.83K,0.00%,587
23-Feb-12,5,4.4,5.2,4.4,164.31K,13.35%,586
22-Feb-12,4.4,4.3,4.5,4.3,103.84K,3.51%,585
21-Feb-12,4.3,4.4,4.4,4.2,51.79K,-2.06%,584
20-Feb-12,4.4,4.4,4.5,4.3,37.30K,0.00%,583
19-Feb-12,4.4,4.2,4.5,4.2,62.37K,4.03%,582
18-Feb-12,4.2,4.4,4.5,4.1,70.41K,-4.31%,581
17-Feb-12,4.4,4.3,4.8,4.2,135.95K,3.28%,580
16-Feb-12,4.3,4.3,4.4,3.9,166.60K,-1.39%,579
15-Feb-12,4.3,4.5,4.9,4.2,161.80K,-2.91%,578
14-Feb-12,4.5,5.3,5.4,4.2,297.57K,-15.21%,577
13-Feb-12,5.3,5.5,5.7,5.2,170.21K,-4.54%,576
12-Feb-12,5.5,5.6,5.8,5.4,81.92K,-1.61%,575
11-Feb-12,5.6,5.9,6,5.5,69.71K,-5.25%,574
10-Feb-12,5.9,5.8,6,5.8,39.31K,1.37%,573
9-Feb-12,5.8,5.6,5.9,5.5,89.95K,4.11%,572
8-Feb-12,5.6,5.7,5.8,5.3,237.94K,-1.58%,571
7-Feb-12,5.7,5.4,5.8,5.4,72.75K,4.40%,570
6-Feb-12,5.4,5.7,5.7,5.4,90.26K,-4.22%,569
5-Feb-12,5.7,5.9,5.9,5.4,120.34K,-3.07%,568
4-Feb-12,5.9,6,6,5.8,20.62K,-1.51%,567
3-Feb-12,6,6.1,6.1,5.7,59.28K,-2.30%,566
2-Feb-12,6.1,6.1,6.2,5.8,54.55K,0.00%,565
1-Feb-12,6.1,5.5,6.2,5.5,115.52K,10.95%,564
31-Jan-12,5.5,5.5,5.7,5.4,48.30K,0.00%,563
30-Jan-12,5.5,5.4,5.6,5.4,42.30K,2.04%,562
29-Jan-12,5.4,5.6,5.7,5.3,46.43K,-4.44%,561
28-Jan-12,5.6,5.3,5.8,5.3,89.71K,6.43%,560
27-Jan-12,5.3,5.3,5.5,5.1,115.57K,-0.94%,559
26-Jan-12,5.3,5.8,5.9,5.3,123.95K,-7.13%,558
25-Jan-12,5.8,6.3,6.3,5.5,133.12K,-8.59%,557
24-Jan-12,6.3,6.4,6.4,6.2,35.66K,-1.10%,556
23-Jan-12,6.4,6.3,6.4,6.2,17.69K,0.79%,555
22-Jan-12,6.3,6.2,6.4,6.1,44.89K,2.10%,554
21-Jan-12,6.2,6.5,6.6,6.1,64.76K,-4.78%,553
20-Jan-12,6.5,6.4,6.6,6.3,66.79K,2.04%,552
19-Jan-12,6.4,5.9,6.4,5.9,114.82K,7.43%,551
18-Jan-12,5.9,5.6,6.9,5.1,226.68K,5.71%,550
17-Jan-12,5.6,6.7,6.9,4.6,213.41K,-16.17%,549
16-Jan-12,6.7,7,7.2,6.5,122.67K,-4.57%,548
15-Jan-12,7,6.8,7.1,6.7,62.23K,3.70%,547
14-Jan-12,6.8,6.4,6.9,6.2,141.90K,5.30%,546
13-Jan-12,6.4,6.8,6.8,6.4,60.23K,-5.74%,545
12-Jan-12,6.8,6.9,7,6.3,140.12K,-1.45%,544
11-Jan-12,6.9,6.4,7.1,6.4,99.44K,8.49%,543
10-Jan-12,6.4,6.3,6.9,6,110.21K,0.00%,542
9-Jan-12,6.3,7.1,7.2,5.8,148.41K,-10.97%,541
8-Jan-12,7.1,6.8,7.2,6.7,57.19K,4.41%,540
7-Jan-12,6.8,6.7,7,6.4,48.39K,1.64%,539
6-Jan-12,6.7,6.9,7.2,6.1,218.08K,-3.60%,538
5-Jan-12,6.9,5.6,7.2,5.6,182.33K,24.78%,537
4-Jan-12,5.6,4.9,5.7,4.8,131.17K,14.14%,536
3-Jan-12,4.9,5.2,5.3,4.7,125.17K,-6.51%,535
2-Jan-12,5.2,5.3,5.5,4.8,69.15K,-0.95%,534
1-Jan-12,5.3,4.7,5.5,4.6,108.51K,11.65%,533
31-Dec-11,4.7,4.3,5,4.2,129.73K,11.06%,532
30-Dec-11,4.3,4.2,4.3,4.1,41.07K,1.92%,531
29-Dec-11,4.2,4.2,4.3,4.1,53.07K,0.00%,530
28-Dec-11,4.2,4.1,4.3,4,33.84K,2.95%,529
27-Dec-11,4.1,4,4.1,4,30.16K,1.24%,528
26-Dec-11,4,4.2,4.3,3.8,88.83K,-4.74%,527
25-Dec-11,4.2,3.9,4.4,3.8,80.80K,7.11%,526
24-Dec-11,3.9,4,4,3.9,14.93K,0.00%,525
23-Dec-11,4,3.9,4,3.8,20.50K,1.54%,524
22-Dec-11,3.9,3.9,4,3.5,57.21K,0.00%,523
21-Dec-11,3.9,4,4,3.8,48.79K,-1.52%,522
20-Dec-11,4,3.5,4.5,3.5,186.41K,12.22%,521
19-Dec-11,3.5,3.2,3.7,3.2,139.99K,10.34%,520
18-Dec-11,3.2,3.2,3.2,3.2,10.79K,0.00%,519
17-Dec-11,3.2,3.2,3.2,3.2,16.48K,0.00%,518
16-Dec-11,3.2,3.2,3.2,3.2,29.87K,0.00%,517
15-Dec-11,3.2,3.2,3.2,3.1,30.09K,0.00%,516
14-Dec-11,3.2,3.3,3.3,3,72.48K,-3.08%,515
13-Dec-11,3.3,3.1,3.3,3.1,32.66K,3.50%,514
12-Dec-11,3.1,3.3,3.3,3.1,39.90K,-3.38%,513
11-Dec-11,3.3,3,3.4,3,108.22K,6.56%,512
10-Dec-11,3,3,3.1,2.9,74.31K,2.69%,511
9-Dec-11,3,3,3,2.9,34.39K,0.00%,510
8-Dec-11,3,3,3,2.9,39.93K,0.00%,509
7-Dec-11,3,3,3.1,2.9,58.12K,0.00%,508
6-Dec-11,3,2.9,3,2.9,55.60K,5.21%,507
5-Dec-11,2.9,2.8,2.9,2.8,30.89K,1.77%,506
4-Dec-11,2.8,2.8,2.9,2.6,95.22K,0.00%,505
3-Dec-11,2.8,3.1,3.1,2.8,123.02K,-10.58%,504
2-Dec-11,3.1,3.1,3.1,3,57.50K,1.96%,503
1-Dec-11,3.1,3,3.1,2.9,63.86K,3.03%,502
30-Nov-11,3,2.8,3.1,2.7,120.15K,8.00%,501
29-Nov-11,2.8,2.5,3,2.5,180.53K,7.84%,500
28-Nov-11,2.5,2.5,2.5,2.4,41.26K,2.82%,499
27-Nov-11,2.5,2.5,2.5,2.4,22.73K,0.00%,498
26-Nov-11,2.5,2.5,2.5,2.4,36.12K,0.00%,497
25-Nov-11,2.5,2.4,2.5,2.4,44.41K,3.29%,496
24-Nov-11,2.4,2.3,2.6,2.3,87.27K,4.29%,495
23-Nov-11,2.3,2.3,2.4,2.3,40.00K,0.00%,494
22-Nov-11,2.3,2.3,2.3,2.3,34.21K,0.00%,493
21-Nov-11,2.3,2.2,2.3,2.2,41.73K,4.09%,492
20-Nov-11,2.2,2.2,2.5,2.2,79.73K,0.00%,491
19-Nov-11,2.2,2,2.3,2,78.30K,7.32%,490
18-Nov-11,2,2.3,2.4,2,98.14K,-8.89%,489
17-Nov-11,2.3,2.6,2.6,2,117.28K,-12.11%,488
16-Nov-11,2.6,2.3,2.6,2.3,44.21K,9.87%,487
15-Nov-11,2.3,2.2,2.5,2.1,76.42K,4.95%,486
14-Nov-11,2.2,3,3,2.1,382.19K,-26.00%,485
13-Nov-11,3,3,3,3,9.63K,0.00%,484
12-Nov-11,3,3.1,3.1,3,20.38K,0.00%,483
11-Nov-11,3.1,2.8,3.1,2.8,44.85K,8.45%,482
10-Nov-11,2.8,3,3,2.8,33.93K,-3.73%,481
9-Nov-11,3,3,3.1,2.9,52.20K,-2.96%,480
8-Nov-11,3,3,3.2,3,60.34K,0.00%,479
7-Nov-11,3,3,3,3,23.99K,0.00%,478
6-Nov-11,3,3,3,2.9,17.23K,0.00%,477
5-Nov-11,3,3.1,3.2,2.8,52.96K,-4.50%,476
4-Nov-11,3.1,3.2,3.2,3,39.51K,0.00%,475
3-Nov-11,3.2,3.3,3.3,3.1,24.52K,-3.08%,474
2-Nov-11,3.3,3.2,3.4,3.1,32.31K,3.17%,473
1-Nov-11,3.2,3.3,3.3,3.1,37.89K,-3.08%,472
31-Oct-11,3.3,3.3,3.3,3.1,30.98K,0.00%,471
30-Oct-11,3.3,3.6,3.7,3.2,50.69K,-8.66%,470
29-Oct-11,3.6,3.2,3.8,3.1,79.54K,12.23%,469
28-Oct-11,3.2,3,3.3,2.9,52.37K,4.93%,468
27-Oct-11,3,2.8,3.1,2.7,58.70K,9.75%,467
26-Oct-11,2.8,2.8,2.8,2.7,29.40K,0.00%,466
25-Oct-11,2.8,2.5,3,2.4,101.41K,8.63%,465
24-Oct-11,2.5,3.2,3.2,2.5,92.23K,-19.56%,464
23-Oct-11,3.2,3.2,3.2,3,37.04K,0.00%,463
22-Oct-11,3.2,2.6,3.3,2.5,120.16K,22.96%,462
21-Oct-11,2.6,2.3,2.7,2.3,72.97K,9.36%,461
20-Oct-11,2.3,2.3,2.4,2.2,48.86K,3.52%,460
19-Oct-11,2.3,2.4,2.5,2,101.87K,-6.20%,459
18-Oct-11,2.4,2.6,2.9,2.3,87.86K,-5.47%,458
17-Oct-11,2.6,3.6,3.7,2.3,207.43K,-28.09%,457
16-Oct-11,3.6,3.8,3.9,3.4,36.20K,-7.29%,456
15-Oct-11,3.8,4,4.1,3.7,42.09K,-3.76%,455
14-Oct-11,4,4.1,4.1,4,20.06K,-1.48%,454
13-Oct-11,4.1,4.2,4.2,4,19.71K,-2.41%,453
12-Oct-11,4.2,3.9,4.4,3.9,69.40K,5.60%,452
11-Oct-11,3.9,4.1,4.1,3.8,41.10K,-4.15%,451
10-Oct-11,4.1,4.1,4.2,4,16.86K,0.00%,450
9-Oct-11,4.1,4,4.4,4,37.92K,2.24%,449
8-Oct-11,4,4.3,4.3,3.8,39.61K,-6.09%,448
7-Oct-11,4.3,4.7,4.8,3.8,97.55K,-9.73%,447
6-Oct-11,4.7,4.9,4.9,4.5,54.77K,-2.87%,446
5-Oct-11,4.9,5,5,4.8,17.59K,-1.81%,445
4-Oct-11,5,5,5,4.9,15.79K,-1.20%,444
3-Oct-11,5,5,5,4.9,17.29K,0.00%,443
2-Oct-11,5,5,5.1,4.9,10.46K,0.00%,442
1-Oct-11,5,5.1,5.3,4.9,23.46K,-2.14%,441
30-Sep-11,5.1,4.8,5.3,4.7,41.46K,7.53%,440
29-Sep-11,4.8,4.8,4.8,4.7,14.09K,0.00%,439
28-Sep-11,4.8,4.9,5,4.6,30.63K,-3.05%,438
27-Sep-11,4.9,4.9,5.1,4.8,24.65K,1.03%,437
26-Sep-11,4.9,5.3,5.4,4.7,56.07K,-8.63%,436
25-Sep-11,5.3,5.5,5.5,5.3,9.49K,-2.56%,435
24-Sep-11,5.5,5.6,5.6,5.3,17.94K,-1.44%,434
23-Sep-11,5.6,5.4,5.7,5.4,55.67K,2.21%,433
22-Sep-11,5.4,5.6,5.8,5.3,31.65K,-3.21%,432
21-Sep-11,5.6,6.1,6.3,5.1,68.16K,-8.18%,431
20-Sep-11,6.1,5.5,6.8,5.4,116.75K,11.90%,430
19-Sep-11,5.5,5.2,5.6,4.9,49.84K,5.00%,429
18-Sep-11,5.2,4.8,5.6,4.7,44.62K,9.01%,428
17-Sep-11,4.8,4.8,4.9,4.7,20.30K,-1.04%,427
16-Sep-11,4.8,4.8,5,4.6,31.65K,0.00%,426
15-Sep-11,4.8,5.6,5.6,4.4,86.22K,-13.88%,425
14-Sep-11,5.6,5.8,5.8,5.3,43.77K,-3.10%,424
13-Sep-11,5.8,6.1,6.1,5.7,23.76K,-4.61%,423
12-Sep-11,6.1,5.9,6.6,5.4,63.86K,3.75%,422
11-Sep-11,5.9,4.8,7.4,4.6,143.79K,22.85%,421
10-Sep-11,4.8,5,5.5,4.6,44.49K,-5.17%,420
9-Sep-11,5,6.5,6.6,4.2,217.43K,-22.97%,419
8-Sep-11,6.5,7.2,7.2,6.5,31.89K,-9.18%,418
7-Sep-11,7.2,6.9,7.6,6.5,49.64K,4.81%,417
6-Sep-11,6.9,7.6,7.7,6.1,82.50K,-9.86%,416
5-Sep-11,7.6,8.2,8.2,7.3,30.80K,-6.97%,415
4-Sep-11,8.2,8.5,8.5,7.8,19.67K,-3.54%,414
3-Sep-11,8.5,8.6,8.7,8.4,6.95K,-1.85%,413
2-Sep-11,8.6,8.2,8.7,8.2,16.82K,5.24%,412
1-Sep-11,8.2,8.2,8.4,8.1,11.90K,0.00%,411
31-Aug-11,8.2,8.8,8.8,8,19.65K,-6.71%,410
30-Aug-11,8.8,9,9,8.6,11.77K,-2.01%,409
29-Aug-11,9,9.1,9.3,8.6,21.65K,-1.10%,408
28-Aug-11,9.1,8.6,9.5,8.4,24.16K,5.59%,407
27-Aug-11,8.6,8.2,9.1,8.1,22.00K,5.01%,406
26-Aug-11,8.2,9.7,9.9,7.6,83.00K,-15.32%,405
25-Aug-11,9.7,10.9,10.9,9.1,55.49K,-10.97%,404
24-Aug-11,10.9,10.9,11.1,10.8,7.82K,-0.82%,403
23-Aug-11,10.9,10.9,11.3,10.8,12.78K,0.00%,402
22-Aug-11,10.9,11.3,11.5,10.5,37.00K,-3.63%,401
21-Aug-11,11.3,11.4,11.5,11.3,8.72K,-1.22%,400
20-Aug-11,11.4,11.6,11.7,11.4,9.92K,-1.72%,399
19-Aug-11,11.6,10.8,11.8,10.8,33.72K,7.57%,398
18-Aug-11,10.8,10.9,11.1,10.8,8.21K,-1.10%,397
17-Aug-11,10.9,11,11.1,10.7,22.90K,0.00%,396
16-Aug-11,11,11.1,11.3,10.8,15.33K,-1.70%,395
15-Aug-11,11.1,10.8,11.9,10.7,38.16K,3.24%,394
14-Aug-11,10.8,10.1,11.2,9.6,44.13K,6.61%,393
13-Aug-11,10.1,9.5,10.3,9.3,29.76K,7.08%,392
12-Aug-11,9.5,9.5,9.8,8.9,41.59K,0.00%,391
11-Aug-11,9.5,10,10.5,8.4,58.12K,-5.21%,390
10-Aug-11,10,10,10.4,9.5,24.25K,0.00%,389
9-Aug-11,10,7.8,12.1,7.7,114.47K,28.08%,388
8-Aug-11,7.8,7.9,8.2,7.1,34.04K,-1.27%,387
7-Aug-11,7.9,6.6,9.5,6,89.83K,20.61%,386
6-Aug-11,6.6,9.8,9.9,5.7,102.41K,-33.16%,385
5-Aug-11,9.8,10.8,11,9.5,30.77K,-8.84%,384
4-Aug-11,10.8,9.3,11.1,9.3,50.09K,16.09%,383
3-Aug-11,9.3,12.1,12.2,8.7,90.29K,-23.15%,382
2-Aug-11,12.1,13.1,13.1,11.5,57.24K,-7.94%,381
1-Aug-11,13.1,13.4,13.6,12.9,21.75K,-1.95%,380
31-Jul-11,13.4,13.5,14.9,12.8,45.72K,-1.33%,379
30-Jul-11,13.5,13.5,13.6,13.4,6.10K,0.00%,378
29-Jul-11,13.5,13.5,13.7,13.3,7.26K,0.00%,377
28-Jul-11,13.5,13.9,13.9,13.3,32.74K,-3.23%,376
27-Jul-11,13.9,13.9,14.1,13.9,11.51K,0.43%,375
26-Jul-11,13.9,14.1,14.1,13.8,16.79K,-1.21%,374
25-Jul-11,14.1,14,14.7,13.8,31.58K,0.50%,373
24-Jul-11,14,13.7,14.1,13.6,26.62K,2.19%,372
23-Jul-11,13.7,13.7,13.8,13.5,22.46K,0.00%,371
22-Jul-11,13.7,13.6,13.8,13.4,15.17K,0.66%,370
21-Jul-11,13.6,13.7,13.8,13.4,25.02K,-0.58%,369
20-Jul-11,13.7,13.9,14,13.4,23.18K,-1.16%,368
19-Jul-11,13.9,13.5,14.7,13.4,67.58K,2.74%,367
18-Jul-11,13.5,13.2,13.9,12.5,75.90K,2.43%,366
17-Jul-11,13.2,13.7,13.8,13,34.38K,-4.08%,365
16-Jul-11,13.7,13.8,13.8,13.5,17.26K,-0.65%,364
15-Jul-11,13.8,14,14.1,13.5,24.82K,-1.29%,363
14-Jul-11,14,13.9,14.1,13.7,17.66K,0.00%,362
13-Jul-11,13.9,14,14.1,13.9,10.34K,-0.43%,361
12-Jul-11,14,14.2,14.6,13.9,26.36K,-1.41%,360
11-Jul-11,14.2,14.9,15.2,13.8,49.16K,-4.63%,359
10-Jul-11,14.9,14.4,15.7,14.4,45.28K,3.62%,358
9-Jul-11,14.4,14.3,14.7,14,11.91K,0.49%,357
8-Jul-11,14.3,14.8,15.6,13.9,34.85K,-3.18%,356
7-Jul-11,14.8,14.8,15.9,14.5,54.47K,0.00%,355
6-Jul-11,14.8,12.9,16.5,12.7,111.82K,14.48%,354
5-Jul-11,12.9,13.9,15,11,84.08K,-6.85%,353
4-Jul-11,13.9,15.4,15.5,13.1,52.28K,-10.23%,352
3-Jul-11,15.4,15.4,15.7,15.3,16.79K,0.00%,351
2-Jul-11,15.4,15.4,15.8,15.3,19.45K,0.00%,350
1-Jul-11,15.4,16.1,16.7,15.3,33.28K,-4.35%,349
30-Jun-11,16.1,16.9,17,15.7,34.96K,-4.45%,348
29-Jun-11,16.9,17,17.2,16.7,21.04K,-0.59%,347
28-Jun-11,17,16.8,17.5,16.5,24.40K,1.19%,346
27-Jun-11,16.8,16.5,18,15,31.45K,1.82%,345
26-Jun-11,16.5,17.5,17.5,14,15.05K,-6.05%,344
25-Jun-11,17.5,17.5,17.5,17.5,-,0.00%,343
24-Jun-11,17.5,17.5,17.5,17.5,-,0.00%,342
23-Jun-11,17.5,17.5,17.5,17.5,-,0.00%,341
22-Jun-11,17.5,17.5,17.5,17.5,-,0.00%,340
21-Jun-11,17.5,17.5,17.5,17.5,-,0.00%,339
20-Jun-11,17.5,17.5,17.5,17.5,-,0.00%,338
19-Jun-11,17.5,16.9,18.9,16.9,30.18K,3.67%,337
18-Jun-11,16.9,15.7,17,15.1,35.54K,7.72%,336
17-Jun-11,15.7,17,18.3,13,108.62K,-7.76%,335
16-Jun-11,17,19.5,19.9,17,49.20K,-12.78%,334
15-Jun-11,19.5,19.3,20,19,27.71K,1.09%,333
14-Jun-11,19.3,19.8,20.5,18,36.16K,-2.82%,332
13-Jun-11,19.8,18.5,24.5,16,73.42K,6.95%,331
12-Jun-11,18.5,14.6,25,10.3,151.19K,26.62%,330
11-Jun-11,14.6,24,24,13,121.87K,-38.83%,329
10-Jun-11,24,28.9,29.4,20,92.21K,-17.19%,328
9-Jun-11,28.9,29.6,31.5,26.1,62.93K,-2.30%,327
8-Jun-11,29.6,23.9,31.9,22.2,104.93K,23.75%,326
7-Jun-11,23.9,18.5,24.3,18.3,53.72K,28.95%,325
6-Jun-11,18.5,16.7,19.2,16.5,55.09K,11.08%,324
5-Jun-11,16.7,18.9,19,16.2,24.28K,-11.59%,323
4-Jun-11,18.9,14.3,18.9,14,44.48K,32.19%,322
3-Jun-11,14.3,10.6,14.5,10.6,72.98K,34.81%,321
2-Jun-11,10.6,9.6,10.9,9.5,41.05K,10.76%,320
1-Jun-11,9.6,8.7,9.7,8.3,43.48K,9.50%,319
31-May-11,8.7,8.8,9.5,8.1,45.79K,-0.68%,318
30-May-11,8.8,8.4,9,8.3,17.68K,4.39%,317
29-May-11,8.4,8.3,8.5,8.1,7.49K,1.57%,316
28-May-11,8.3,8.5,8.7,8.1,12.25K,-2.35%,315
27-May-11,8.5,8.8,8.8,8.5,14.43K,-3.41%,314
26-May-11,8.8,8.4,9,8,28.65K,4.76%,313
25-May-11,8.4,7.4,9.3,7.2,64.05K,13.21%,312
24-May-11,7.4,7.2,7.5,7,29.28K,3.78%,311
23-May-11,7.2,6.7,7.4,6.7,35.28K,6.88%,310
22-May-11,6.7,6.1,6.8,6,23.87K,9.31%,309
21-May-11,6.1,5.6,6.5,5.6,31.11K,9.48%,308
20-May-11,5.6,6.8,7.1,5.6,44.46K,-17.91%,307
19-May-11,6.8,6.9,7.3,6.6,24.44K,-1.02%,306
18-May-11,6.9,7.2,7.5,6.6,25.40K,-4.31%,305
17-May-11,7.2,8,8.4,7,35.35K,-10.46%,304
16-May-11,8,7,8.5,6.8,44.14K,14.88%,303
15-May-11,7,7.2,7.8,6.2,18.30K,-2.92%,302
14-May-11,7.2,8.2,8.9,5.8,55.39K,-12.20%,301
13-May-11,8.2,6.3,8.4,6.3,64.00K,30.16%,300
12-May-11,6.3,5.5,6.5,5.2,31.72K,14.55%,299
11-May-11,5.5,5.8,6.1,4.6,52.57K,-5.34%,298
10-May-11,5.8,3.8,6,3.8,56.22K,52.89%,297
9-May-11,3.8,3.9,3.9,3.7,11.52K,-1.81%,296
8-May-11,3.9,3.6,3.9,3.6,21.13K,6.32%,295
7-May-11,3.6,3.5,3.7,3.4,17.83K,5.51%,294
6-May-11,3.5,3.3,3.6,3.3,23.02K,3.60%,293
5-May-11,3.3,3.4,3.5,3.3,15.35K,-2.35%,292
4-May-11,3.4,3.4,3.6,3.3,17.28K,0.00%,291
3-May-11,3.4,3.2,3.5,3.1,16.92K,6.56%,290
2-May-11,3.2,3,3.5,3,18.33K,5.61%,289
1-May-11,3,3.5,3.9,2.5,45.77K,-13.43%,288
30-Apr-11,3.5,2.9,4.2,2.8,65.43K,21.53%,287
29-Apr-11,2.9,2.2,3,2.2,57.58K,30.32%,286
28-Apr-11,2.2,1.9,2.7,1.7,100.24K,16.32%,285
27-Apr-11,1.9,1.8,2,1.7,33.06K,6.15%,284
26-Apr-11,1.8,1.6,1.8,1.5,24.05K,14.74%,283
25-Apr-11,1.6,1.6,1.7,1.5,13.47K,-4.29%,282
24-Apr-11,1.6,1.7,2,1.6,21.54K,-4.12%,281
23-Apr-11,1.7,1.4,2,1.3,66.62K,20.57%,280
22-Apr-11,1.4,1.2,1.4,1.2,39.42K,16.53%,279
21-Apr-11,1.2,1.1,1.2,1.1,39.30K,6.14%,278
20-Apr-11,1.1,1.2,1.2,1.1,21.35K,-5.00%,277
19-Apr-11,1.2,1.2,1.2,1.1,12.56K,0.00%,276
18-Apr-11,1.2,1.1,1.2,1.1,27.48K,0.00%,275
17-Apr-11,1.1,1,1.1,1,24.23K,5.71%,274
16-Apr-11,1,1,1.1,1,28.87K,6.07%,273
15-Apr-11,1,1,1.1,0.9,50.31K,0.00%,272
14-Apr-11,1,0.9,1,0.9,31.11K,8.40%,271
13-Apr-11,0.9,0.9,1,0.9,43.40K,7.27%,270
12-Apr-11,0.9,0.8,0.9,0.8,48.42K,11.69%,269
11-Apr-11,0.8,0.7,0.8,0.7,14.65K,0.00%,268
10-Apr-11,0.7,0.7,0.8,0.7,5.35K,0.00%,267
9-Apr-11,0.7,0.8,0.8,0.7,12.12K,0.00%,266
8-Apr-11,0.8,0.8,0.8,0.7,18.21K,0.00%,265
7-Apr-11,0.8,0.7,0.8,0.7,10.83K,0.00%,264
6-Apr-11,0.7,0.7,0.8,0.7,8.70K,0.00%,263
5-Apr-11,0.7,0.7,0.7,0.6,9.73K,0.00%,262
4-Apr-11,0.7,0.8,0.8,0.6,31.16K,-12.71%,261
3-Apr-11,0.8,0.8,0.8,0.8,3.93K,0.00%,260
2-Apr-11,0.8,0.8,0.8,0.8,2.49K,0.00%,259
1-Apr-11,0.8,0.8,0.8,0.8,3.19K,0.00%,258
31-Mar-11,0.8,0.8,0.8,0.8,6.88K,0.00%,257
30-Mar-11,0.8,0.8,0.8,0.8,3.22K,0.00%,256
29-Mar-11,0.8,0.8,0.8,0.8,4.22K,0.00%,255
28-Mar-11,0.8,0.8,0.9,0.8,12.57K,0.00%,254
27-Mar-11,0.8,0.9,0.9,0.8,5.34K,0.00%,253
26-Mar-11,0.9,0.9,0.9,0.8,11.76K,0.00%,252
25-Mar-11,0.9,0.9,0.9,0.9,4.82K,0.00%,251
24-Mar-11,0.9,0.8,0.9,0.8,14.01K,0.00%,250
23-Mar-11,0.8,0.8,0.9,0.8,13.26K,0.00%,249
22-Mar-11,0.8,0.8,0.8,0.7,12.15K,6.59%,248
21-Mar-11,0.8,0.7,0.8,0.7,3.70K,0.00%,247
20-Mar-11,0.7,0.8,0.8,0.7,5.82K,0.00%,246
19-Mar-11,0.8,0.8,0.8,0.7,9.88K,-6.31%,245
18-Mar-11,0.8,0.8,0.9,0.7,14.23K,0.00%,244
17-Mar-11,0.8,0.9,0.9,0.8,7.16K,0.00%,243
16-Mar-11,0.9,0.9,0.9,0.8,7.93K,0.00%,242
15-Mar-11,0.9,0.9,0.9,0.9,2.73K,0.00%,241
14-Mar-11,0.9,0.9,0.9,0.9,5.27K,0.00%,240
13-Mar-11,0.9,0.9,0.9,0.9,0.66K,0.00%,239
12-Mar-11,0.9,0.9,0.9,0.9,4.82K,0.00%,238
11-Mar-11,0.9,0.9,0.9,0.9,3.73K,-5.67%,237
10-Mar-11,0.9,0.9,0.9,0.8,8.87K,7.91%,236
9-Mar-11,0.9,0.9,0.9,0.9,4.55K,0.00%,235
8-Mar-11,0.9,0.9,0.9,0.9,4.53K,0.00%,234
7-Mar-11,0.9,0.9,0.9,0.8,15.27K,0.00%,233
6-Mar-11,0.9,0.9,0.9,0.8,12.63K,0.00%,232
5-Mar-11,0.9,0.9,0.9,0.8,12.57K,0.00%,231
4-Mar-11,0.9,0.9,0.9,0.9,2.71K,0.00%,230
3-Mar-11,0.9,0.9,0.9,0.9,2.75K,0.00%,229
2-Mar-11,0.9,0.9,0.9,0.9,2.74K,0.00%,228
1-Mar-11,0.9,0.9,1,0.9,22.57K,7.00%,227
28-Feb-11,0.9,0.9,0.9,0.8,4.65K,0.00%,226
27-Feb-11,0.9,1,1,0.9,23.27K,-7.10%,225
26-Feb-11,1,0.9,1,0.9,4.74K,0.00%,224
25-Feb-11,0.9,1,1,0.9,4.46K,-8.65%,223
24-Feb-11,1,0.9,1,0.9,13.42K,10.82%,222
23-Feb-11,0.9,0.9,0.9,0.9,6.72K,0.00%,221
22-Feb-11,0.9,0.8,0.9,0.8,12.10K,0.00%,220
21-Feb-11,0.8,0.9,0.9,0.8,1.70K,0.00%,219
20-Feb-11,0.9,0.9,0.9,0.8,9.97K,-10.43%,218
19-Feb-11,0.9,0.9,1,0.8,3.80K,5.57%,217
18-Feb-11,0.9,1,1,0.8,36.95K,-13.57%,216
17-Feb-11,1,1,1,1,4.01K,0.00%,215
16-Feb-11,1,1,1,1,7.19K,0.00%,214
15-Feb-11,1,1.1,1.1,1,8.62K,0.00%,213
14-Feb-11,1.1,1,1.1,1,7.10K,0.00%,212
13-Feb-11,1,1.1,1.1,1,3.24K,0.00%,211
12-Feb-11,1.1,1.1,1.1,1,4.12K,0.00%,210
11-Feb-11,1.1,1,1.1,0.9,13.30K,9.15%,209
10-Feb-11,1,1.1,1.1,0.8,26.56K,-10.06%,208
9-Feb-11,1.1,0.9,1.1,0.8,49.63K,18.74%,207
8-Feb-11,0.9,0.9,0.9,0.9,7.02K,0.00%,206
7-Feb-11,0.9,0.9,0.9,0.8,2.26K,0.00%,205
6-Feb-11,0.9,0.9,0.9,0.8,8.74K,0.00%,204
5-Feb-11,0.9,0.8,0.9,0.8,15.79K,13.44%,203
4-Feb-11,0.8,0.7,0.9,0.7,42.22K,17.54%,202
3-Feb-11,0.7,0.7,0.8,0.7,8.53K,0.00%,201
2-Feb-11,0.7,0.7,0.8,0.7,5.63K,0.00%,200
1-Feb-11,0.7,0.5,0.9,0.5,31.56K,34.62%,199
31-Jan-11,0.5,0.5,0.9,0.5,63.52K,0.00%,198
30-Jan-11,0.5,0.4,0.5,0.4,10.38K,0.00%,197
29-Jan-11,0.4,0.4,0.4,0.4,1.45K,0.00%,196
28-Jan-11,0.4,0.4,0.4,0.4,5.33K,0.00%,195
27-Jan-11,0.4,0.4,0.4,0.4,27.71K,0.00%,194
26-Jan-11,0.4,0.4,0.4,0.4,15.57K,0.00%,193
25-Jan-11,0.4,0.4,0.4,0.4,2.16K,0.00%,192
24-Jan-11,0.4,0.4,0.4,0.4,11.06K,0.00%,191
23-Jan-11,0.4,0.4,0.4,0.4,1.15K,0.00%,190
22-Jan-11,0.4,0.4,0.4,0.4,10.53K,0.00%,189
21-Jan-11,0.4,0.4,0.4,0.4,8.48K,0.00%,188
20-Jan-11,0.4,0.3,0.4,0.3,19.88K,24.60%,187
19-Jan-11,0.3,0.3,0.3,0.3,7.29K,0.00%,186
18-Jan-11,0.3,0.3,0.3,0.3,15.67K,0.00%,185
17-Jan-11,0.3,0.4,0.4,0.3,18.24K,0.00%,184
16-Jan-11,0.4,0.4,0.4,0.4,2.78K,0.00%,183
15-Jan-11,0.4,0.4,0.4,0.4,1.52K,0.00%,182
14-Jan-11,0.4,0.3,0.4,0.3,27.13K,25.94%,181
13-Jan-11,0.3,0.3,0.4,0.3,20.12K,0.00%,180
12-Jan-11,0.3,0.3,0.4,0.3,31.36K,0.00%,179
11-Jan-11,0.3,0.3,0.3,0.3,4.86K,0.00%,178
10-Jan-11,0.3,0.3,0.3,0.3,10.36K,0.00%,177
9-Jan-11,0.3,0.3,0.3,0.3,1.69K,0.00%,176
8-Jan-11,0.3,0.3,0.3,0.3,1.63K,0.00%,175
7-Jan-11,0.3,0.3,0.3,0.3,42.60K,0.00%,174
6-Jan-11,0.3,0.3,0.3,0.3,3.46K,0.00%,173
5-Jan-11,0.3,0.3,0.3,0.3,0.36K,0.00%,172
4-Jan-11,0.3,0.3,0.3,0.3,1.88K,0.00%,171
3-Jan-11,0.3,0.3,0.3,0.3,1.43K,0.00%,170
2-Jan-11,0.3,0.3,0.3,0.3,5.35K,0.00%,169
1-Jan-11,0.3,0.3,0.3,0.3,2.82K,0.00%,168
31-Dec-10,0.3,0.3,0.3,0.3,1.45K,0.00%,167
30-Dec-10,0.3,0.3,0.3,0.3,2.54K,0.00%,166
29-Dec-10,0.3,0.3,0.3,0.3,18.61K,0.00%,165
28-Dec-10,0.3,0.3,0.3,0.3,15.44K,0.00%,164
27-Dec-10,0.3,0.3,0.3,0.3,4.94K,0.00%,163
26-Dec-10,0.3,0.2,0.3,0.2,16.59K,0.00%,162
25-Dec-10,0.2,0.2,0.3,0.2,0.70K,0.00%,161
24-Dec-10,0.2,0.3,0.3,0.2,5.03K,0.00%,160
23-Dec-10,0.3,0.3,0.3,0.2,8.65K,0.00%,159
22-Dec-10,0.3,0.2,0.3,0.2,3.80K,0.00%,158
21-Dec-10,0.2,0.3,0.3,0.2,9.23K,0.00%,157
20-Dec-10,0.3,0.2,0.3,0.2,10.68K,0.00%,156
19-Dec-10,0.2,0.2,0.2,0.2,2.00K,0.00%,155
18-Dec-10,0.2,0.2,0.2,0.2,0.17K,0.00%,154
17-Dec-10,0.2,0.3,0.2,0.2,0.53K,0.00%,153
16-Dec-10,0.3,0.2,0.3,0.2,14.36K,0.00%,152
15-Dec-10,0.2,0.2,0.2,0.2,3.69K,0.00%,151
14-Dec-10,0.2,0.2,0.2,0.2,10.39K,0.00%,150
13-Dec-10,0.2,0.2,0.2,0.2,6.42K,0.00%,149
12-Dec-10,0.2,0.2,0.2,0.2,1.96K,0.00%,148
11-Dec-10,0.2,0.2,0.2,0.2,5.79K,0.00%,147
10-Dec-10,0.2,0.2,0.2,0.2,1.68K,0.00%,146
9-Dec-10,0.2,0.2,0.2,0.2,21.34K,0.00%,145
8-Dec-10,0.2,0.2,0.2,0.2,3.43K,0.00%,144
7-Dec-10,0.2,0.2,0.2,0.2,24.59K,0.00%,143
6-Dec-10,0.2,0.2,0.2,0.2,4.32K,0.00%,142
5-Dec-10,0.2,0.2,0.2,0.2,5.74K,0.00%,141
4-Dec-10,0.2,0.3,0.3,0.2,28.56K,0.00%,140
3-Dec-10,0.3,0.3,0.3,0.2,2.57K,0.00%,139
2-Dec-10,0.3,0.2,0.3,0.2,20.31K,0.00%,138
1-Dec-10,0.2,0.2,0.2,0.2,8.16K,0.00%,137
30-Nov-10,0.2,0.2,0.2,0.2,21.48K,0.00%,136
29-Nov-10,0.2,0.3,0.3,0.2,35.06K,0.00%,135
28-Nov-10,0.3,0.3,0.3,0.3,20.80K,0.00%,134
27-Nov-10,0.3,0.3,0.3,0.3,1.83K,0.00%,133
26-Nov-10,0.3,0.3,0.3,0.3,33.53K,0.00%,132
25-Nov-10,0.3,0.3,0.3,0.3,1.68K,0.00%,131
24-Nov-10,0.3,0.3,0.3,0.3,2.52K,0.00%,130
23-Nov-10,0.3,0.3,0.3,0.3,4.86K,0.00%,129
22-Nov-10,0.3,0.3,0.3,0.3,28.21K,0.00%,128
21-Nov-10,0.3,0.3,0.3,0.3,0.77K,0.00%,127
20-Nov-10,0.3,0.3,0.3,0.3,14.65K,0.00%,126
19-Nov-10,0.3,0.3,0.3,0.3,2.16K,0.00%,125
18-Nov-10,0.3,0.2,0.3,0.2,37.45K,0.00%,124
17-Nov-10,0.2,0.2,0.3,0.2,32.87K,0.00%,123
16-Nov-10,0.2,0.3,0.3,0.2,33.93K,0.00%,122
15-Nov-10,0.3,0.3,0.3,0.3,8.51K,0.00%,121
14-Nov-10,0.3,0.3,0.3,0.3,16.84K,0.00%,120
13-Nov-10,0.3,0.3,0.3,0.3,21.92K,0.00%,119
12-Nov-10,0.3,0.2,0.3,0.2,40.72K,0.00%,118
11-Nov-10,0.2,0.2,0.2,0.2,5.03K,0.00%,117
10-Nov-10,0.2,0.2,0.2,0.1,30.39K,0.00%,116
9-Nov-10,0.2,0.2,0.3,0.2,47.98K,0.00%,115
8-Nov-10,0.2,0.3,0.4,0.2,118.20K,-28.53%,114
7-Nov-10,0.3,0.4,0.5,0.3,77.22K,0.00%,113
6-Nov-10,0.4,0.3,0.5,0.2,32.76K,50.00%,112
5-Nov-10,0.3,0.2,0.3,0.2,36.62K,0.00%,111
4-Nov-10,0.2,0.2,0.2,0.2,29.70K,0.00%,110
3-Nov-10,0.2,0.2,0.3,0.1,61.47K,0.00%,109
2-Nov-10,0.2,0.2,0.2,0.2,5.85K,0.00%,108
1-Nov-10,0.2,0.2,0.2,0.2,21.26K,0.00%,107
31-Oct-10,0.2,0.2,0.2,0.2,40.34K,0.00%,106
30-Oct-10,0.2,0.2,0.2,0.2,26.71K,0.00%,105
29-Oct-10,0.2,0.2,0.2,0.2,28.69K,0.00%,104
28-Oct-10,0.2,0.2,0.2,0.2,21.53K,0.00%,103
27-Oct-10,0.2,0.2,0.2,0.2,65.61K,0.00%,102
26-Oct-10,0.2,0.1,0.2,0.1,19.22K,0.00%,101
25-Oct-10,0.1,0.1,0.2,0.1,30.30K,0.00%,100
24-Oct-10,0.1,0.1,0.2,0.1,13.80K,0.00%,99
23-Oct-10,0.1,0.1,0.1,0.1,4.42K,0.00%,98
22-Oct-10,0.1,0.1,0.1,0.1,34.60K,0.00%,97
21-Oct-10,0.1,0.1,0.1,0.1,44.87K,0.00%,96
20-Oct-10,0.1,0.1,0.1,0.1,31.86K,0.00%,95
19-Oct-10,0.1,0.1,0.1,0.1,6.24K,0.00%,94
18-Oct-10,0.1,0.1,0.1,0.1,25.67K,0.00%,93
17-Oct-10,0.1,0.1,0.1,0.1,18.22K,0.00%,92
16-Oct-10,0.1,0.1,0.1,0.1,6.29K,0.00%,91
15-Oct-10,0.1,0.1,0.1,0.1,24.64K,0.00%,90
14-Oct-10,0.1,0.1,0.1,0.1,37.22K,0.00%,89
13-Oct-10,0.1,0.1,0.1,0.1,47.56K,0.00%,88
12-Oct-10,0.1,0.1,0.1,0.1,25.66K,0.00%,87
11-Oct-10,0.1,0.1,0.1,0.1,14.09K,0.00%,86
10-Oct-10,0.1,0.1,0.1,0.1,50.68K,0.00%,85
9-Oct-10,0.1,0.1,0.1,0.1,187.85K,0.00%,84
8-Oct-10,0.1,0.1,0.1,0,139.29K,0.00%,83
7-Oct-10,0.1,0.1,0.1,0.1,43.69K,0.00%,82
6-Oct-10,0.1,0.1,0.1,0.1,33.43K,0.00%,81
5-Oct-10,0.1,0.1,0.1,0.1,27.53K,0.00%,80
4-Oct-10,0.1,0.1,0.1,0.1,34.00K,0.00%,79
3-Oct-10,0.1,0.1,0.1,0.1,7.17K,0.00%,78
2-Oct-10,0.1,0.1,0.1,0.1,13.06K,0.00%,77
1-Oct-10,0.1,0.1,0.1,0.1,1.72K,0.00%,76
30-Sep-10,0.1,0.1,0.1,0.1,7.92K,0.00%,75
29-Sep-10,0.1,0.1,0.1,0.1,23.48K,0.00%,74
28-Sep-10,0.1,0.1,0.1,0.1,7.09K,0.00%,73
27-Sep-10,0.1,0.1,0.1,0.1,10.75K,0.00%,72
26-Sep-10,0.1,0.1,0.1,0.1,12.06K,0.00%,71
25-Sep-10,0.1,0.1,0.1,0.1,2.15K,0.00%,70
24-Sep-10,0.1,0.1,0.1,0.1,0.68K,0.00%,69
23-Sep-10,0.1,0.1,0.1,0.1,15.51K,0.00%,68
22-Sep-10,0.1,0.1,0.1,0.1,11.56K,0.00%,67
21-Sep-10,0.1,0.1,0.1,0.1,5.74K,0.00%,66
20-Sep-10,0.1,0.1,0.1,0.1,14.31K,0.00%,65
19-Sep-10,0.1,0.1,0.1,0.1,12.85K,0.00%,64
18-Sep-10,0.1,0.1,0.1,0.1,7.09K,0.00%,63
17-Sep-10,0.1,0.1,0.1,0.1,7.26K,0.00%,62
16-Sep-10,0.1,0.1,0.1,0.1,0.73K,0.00%,61
15-Sep-10,0.1,0.1,0.1,0.1,3.65K,0.00%,60
14-Sep-10,0.1,0.1,0.2,0.1,14.02K,0.00%,59
13-Sep-10,0.1,0.1,0.1,0.1,10.08K,0.00%,58
12-Sep-10,0.1,0.1,0.1,0.1,0.79K,0.00%,57
11-Sep-10,0.1,0.1,0.1,0.1,7.75K,0.00%,56
10-Sep-10,0.1,0.1,0.1,0.1,4.94K,0.00%,55
9-Sep-10,0.1,0.1,0.1,0.1,1.73K,0.00%,54
8-Sep-10,0.1,0.1,0.1,0.1,2.35K,0.00%,53
7-Sep-10,0.1,0.1,0.1,0.1,3.46K,0.00%,52
6-Sep-10,0.1,0.1,0.1,0.1,0.91K,0.00%,51
5-Sep-10,0.1,0.1,0.1,0.1,8.46K,0.00%,50
4-Sep-10,0.1,0.1,0.1,0.1,3.30K,0.00%,49
3-Sep-10,0.1,0.1,0.1,0.1,0.89K,0.00%,48
2-Sep-10,0.1,0.1,0.1,0.1,8.15K,0.00%,47
1-Sep-10,0.1,0.1,0.1,0.1,7.17K,0.00%,46
31-Aug-10,0.1,0.1,0.1,0.1,14.89K,0.00%,45
30-Aug-10,0.1,0.1,0.1,0,34.19K,0.00%,44
29-Aug-10,0.1,0.1,0.1,0.1,3.17K,0.00%,43
28-Aug-10,0.1,0.1,0.1,0.1,6.17K,0.00%,42
27-Aug-10,0.1,0.1,0.1,0.1,9.01K,0.00%,41
26-Aug-10,0.1,0.1,0.1,0.1,3.87K,0.00%,40
25-Aug-10,0.1,0.1,0.1,0.1,4.23K,0.00%,39
24-Aug-10,0.1,0.1,0.1,0.1,6.71K,0.00%,38
23-Aug-10,0.1,0.1,0.1,0.1,4.30K,0.00%,37
22-Aug-10,0.1,0.1,0.1,0.1,18.65K,0.00%,36
21-Aug-10,0.1,0.1,0.1,0.1,10.44K,0.00%,35
20-Aug-10,0.1,0.1,0.1,0.1,4.20K,0.00%,34
19-Aug-10,0.1,0.1,0.1,0.1,0.74K,0.00%,33
18-Aug-10,0.1,0.1,0.1,0.1,2.95K,0.00%,32
17-Aug-10,0.1,0.1,0.1,0.1,13.19K,0.00%,31
16-Aug-10,0.1,0.1,0.1,0.1,10.73K,0.00%,30
15-Aug-10,0.1,0.1,0.1,0.1,4.46K,0.00%,29
14-Aug-10,0.1,0.1,0.1,0.1,4.40K,0.00%,28
13-Aug-10,0.1,0.1,0.1,0.1,3.59K,0.00%,27
12-Aug-10,0.1,0.1,0.1,0.1,2.06K,0.00%,26
11-Aug-10,0.1,0.1,0.1,0.1,14.06K,0.00%,25
10-Aug-10,0.1,0.1,0.1,0.1,1.31K,0.00%,24
9-Aug-10,0.1,0.1,0.1,0.1,13.63K,0.00%,23
8-Aug-10,0.1,0.1,0.1,0.1,2.20K,0.00%,22
7-Aug-10,0.1,0.1,0.1,0.1,2.62K,0.00%,21
6-Aug-10,0.1,0.1,0.1,0.1,1.40K,0.00%,20
5-Aug-10,0.1,0.1,0.1,0.1,5.03K,0.00%,19
4-Aug-10,0.1,0.1,0.1,0.1,3.49K,0.00%,18
3-Aug-10,0.1,0.1,0.1,0.1,9.82K,0.00%,17
2-Aug-10,0.1,0.1,0.1,0.1,3.60K,0.00%,16
1-Aug-10,0.1,0.1,0.1,0.1,2.60K,0.00%,15
31-Jul-10,0.1,0.1,0.1,0.1,4.02K,0.00%,14
30-Jul-10,0.1,0.1,0.1,0.1,3.02K,0.00%,13
29-Jul-10,0.1,0.1,0.1,0.1,8.06K,0.00%,12
28-Jul-10,0.1,0.1,0.1,0.1,4.39K,0.00%,11
27-Jul-10,0.1,0.1,0.1,0.1,3.37K,0.00%,10
26-Jul-10,0.1,0.1,0.1,0.1,0.88K,0.00%,9
25-Jul-10,0.1,0.1,0.1,0.1,1.55K,0.00%,8
24-Jul-10,0.1,0.1,0.1,0.1,0.50K,0.00%,7
23-Jul-10,0.1,0.1,0.1,0.1,2.40K,0.00%,6
22-Jul-10,0.1,0.1,0.1,0.1,2.16K,0.00%,5
21-Jul-10,0.1,0.1,0.1,0.1,0.58K,0.00%,4
20-Jul-10,0.1,0.1,0.1,0.1,0.26K,0.00%,3
19-Jul-10,0.1,0.1,0.1,0.1,0.57K,0.00%,2
18-Jul-10,0.1,0,0.1,0.1,0.08K,0.00%,1
